   0.0000000000000000        1.0000000000000000        0.0000000000000000     
   1.0000000000000000E-004   1.0000000000000000        3.0000000000000003E-004
   2.0000000000000001E-004  0.99999960521587727        5.9999988156476318E-004
   3.0000000000000003E-004  0.99999881564747994        8.9999952625891488E-004
   4.0000000000000002E-004  0.99999763129445107        1.1999988156466644E-003
   5.0000000000000001E-004  0.99999605215622867        1.4999976312915272E-003
   6.0000000000000006E-004  0.99999407823204556        1.7999958547560461E-003
   6.9999999999999999E-004  0.99999170952092942        2.0999933676015140E-003
   8.0000000000000004E-004  0.99998894602170285        2.3999900513876952E-003
   9.0000000000000008E-004  0.99998578773298330        2.6999857876725472E-003
   1.0000000000000000E-003  0.99998223465318303        2.9999804580119428E-003
   1.1000000000000001E-003  0.99997828678050926        3.2999739439593919E-003
   1.2000000000000001E-003  0.99997394411296403        3.5999661270657629E-003
   1.3000000000000002E-003  0.99996920664834421        3.8999568888790051E-003
   1.4000000000000000E-003  0.99996407438424151        4.1999461109438700E-003
   1.5000000000000000E-003  0.99995854731804246        4.4999336748016341E-003
   1.6000000000000001E-003  0.99995262544692853        4.7999194619898185E-003
   1.7000000000000001E-003  0.99994630876787594        5.0999033540419132E-003
   1.8000000000000002E-003  0.99993959727765569        5.3998852324870965E-003
   1.9000000000000000E-003  0.99993249097283365        5.6998649788499584E-003
   2.0000000000000000E-003  0.99992498984977052        5.9998424746502211E-003
   2.1000000000000003E-003  0.99991709390462169        6.2998176014024618E-003
   2.2000000000000001E-003  0.99990880313333741        6.5997902406158323E-003
   2.3000000000000000E-003  0.99990011753166264        6.8997602737937824E-003
   2.4000000000000002E-003  0.99989103709513716        7.1997275824337813E-003
   2.5000000000000001E-003  0.99988156181909538        7.4996920480270377E-003
   2.6000000000000003E-003  0.99987169169866652        7.7996535520582222E-003
   2.7000000000000001E-003  0.99986142672877454        8.0996119760051877E-003
   2.8000000000000000E-003  0.99985076690413799        8.3995672013386941E-003
   2.9000000000000002E-003  0.99983971221927015        8.6995191095221251E-003
   3.0000000000000001E-003  0.99982826266847902        8.9994675820112106E-003
   3.1000000000000003E-003  0.99981641824586720        9.2994125002537498E-003
   3.2000000000000002E-003  0.99980417894533202        9.5993537456893312E-003
   3.3000000000000000E-003  0.99979154476056531        9.8992911997490551E-003
   3.4000000000000002E-003  0.99977851568505360        1.0199224743855251E-002
   3.5000000000000001E-003  0.99976509171207795        1.0499154259421203E-002
   3.6000000000000003E-003  0.99975127283471399        1.0799079627850868E-002
   3.7000000000000002E-003  0.99973705904583188        1.1099000730538598E-002
   3.8000000000000000E-003  0.99972245033809637        1.1398917448868858E-002
   3.9000000000000003E-003  0.99970744670396672        1.1698829664215952E-002
   4.0000000000000001E-003  0.99969204813569656        1.1998737257943738E-002
   4.1000000000000003E-003  0.99967625462533416        1.2298640111405353E-002
   4.2000000000000006E-003  0.99966006616472203        1.2598538105942931E-002
   4.3000000000000000E-003  0.99964348274549730        1.2898431122887324E-002
   4.4000000000000003E-003  0.99962650435909139        1.3198319043557824E-002
   4.5000000000000005E-003  0.99960913099673010        1.3498201749261883E-002
   4.5999999999999999E-003  0.99959136264943349        1.3798079121294831E-002
   4.7000000000000002E-003  0.99957319930801602        1.4097951040939598E-002
   4.8000000000000004E-003  0.99955464096308655        1.4397817389466433E-002
   4.8999999999999998E-003  0.99953568760504807        1.4697678048132629E-002
   5.0000000000000001E-003  0.99951633922409788        1.4997532898182233E-002
   5.1000000000000004E-003  0.99949659581022743        1.5297381820845776E-002
   5.2000000000000006E-003  0.99947645735322244        1.5597224697339986E-002
   5.3000000000000000E-003  0.99945592384266269        1.5897061408867513E-002
   5.4000000000000003E-003  0.99943499526792223        1.6196891836616645E-002
   5.5000000000000005E-003  0.99941367161816907        1.6496715861761029E-002
   5.5999999999999999E-003  0.99939195288236538        1.6796533365459387E-002
   5.7000000000000002E-003  0.99936983904926735        1.7096344228855243E-002
   5.8000000000000005E-003  0.99934733010742516        1.7396148333076632E-002
   5.8999999999999999E-003  0.99932442604518301        1.7695945559235829E-002
   6.0000000000000001E-003  0.99930112685067896        1.7995735788429064E-002
   6.1000000000000004E-003  0.99927743251184509        1.8295518901736238E-002
   6.2000000000000006E-003  0.99925334301640723        1.8595294780220647E-002
   6.3000000000000000E-003  0.99922885835188513        1.8895063304928697E-002
   6.4000000000000003E-003  0.99920397850559239        1.9194824356889628E-002
   6.5000000000000006E-003  0.99917870346463633        1.9494577817115225E-002
   6.6000000000000000E-003  0.99915303321591797        1.9794323566599541E-002
   6.7000000000000002E-003  0.99912696774613208        2.0094061486318614E-002
   6.8000000000000005E-003  0.99910050704176712        2.0393791457230189E-002
   6.9000000000000008E-003  0.99907365108910506        2.0693513360273429E-002
   7.0000000000000001E-003  0.99904639987422161        2.0993227076368640E-002
   7.1000000000000004E-003  0.99901875338298596        2.1292932486416984E-002
   7.2000000000000007E-003  0.99899071160106079        2.1592629471300195E-002
   7.3000000000000001E-003  0.99896227451390218        2.1892317911880309E-002
   7.4000000000000003E-003  0.99893344210675972        2.2191997688999366E-002
   7.5000000000000006E-003  0.99890421436467636        2.2491668683479137E-002
   7.6000000000000000E-003  0.99887459127248845        2.2791330776120836E-002
   7.7000000000000002E-003  0.99884457281482564        2.3090983847704843E-002
   7.8000000000000005E-003  0.99881415897611081        2.3390627778990414E-002
   7.9000000000000008E-003  0.99878334974056004        2.3690262450715403E-002
   8.0000000000000002E-003  0.99875214509218257        2.3989887743595974E-002
   8.0999999999999996E-003  0.99872054501478080        2.4289503538326328E-002
   8.2000000000000007E-003  0.99868854949195018        2.4589109715578407E-002
   8.3000000000000001E-003  0.99865615850707923        2.4888706156001618E-002
   8.4000000000000012E-003  0.99862337204334939        2.5188292740222544E-002
   8.5000000000000006E-003  0.99859019008373506        2.5487869348844668E-002
   8.6000000000000000E-003  0.99855661261100359        2.5787435862448079E-002
   8.7000000000000011E-003  0.99852263960771515        2.6086992161589193E-002
   8.8000000000000005E-003  0.99848827105622273        2.6386538126800470E-002
   8.8999999999999999E-003  0.99845350693867196        2.6686073638590130E-002
   9.0000000000000011E-003  0.99841834723700129        2.6985598577441861E-002
   9.1000000000000004E-003  0.99838279193294177        2.7285112823814541E-002
   9.1999999999999998E-003  0.99834684100801707        2.7584616258141952E-002
   9.3000000000000010E-003  0.99831049444354336        2.7884108760832492E-002
   9.4000000000000004E-003  0.99827375222062931        2.8183590212268895E-002
   9.4999999999999998E-003  0.99823661432017607        2.8483060492807941E-002
   9.6000000000000009E-003  0.99819908072287711        2.8782519482780169E-002
   9.7000000000000003E-003  0.99816115140921824        2.9081967062489597E-002
   9.7999999999999997E-003  0.99812282635947758        2.9381403112213433E-002
   9.9000000000000008E-003  0.99808410555372551        2.9680827512201788E-002
   1.0000000000000000E-002  0.99804498897182448        2.9980240142677389E-002
   1.0100000000000001E-002  0.99800547659342909        3.0279640883835297E-002
   1.0200000000000001E-002  0.99796556839798600        3.0579029615842614E-002
   1.0300000000000000E-002  0.99792526436473394        3.0878406218838202E-002
   1.0400000000000001E-002  0.99788456447270346        3.1177770572932393E-002
   1.0500000000000001E-002  0.99784346870071705        3.1477122558206699E-002
   1.0600000000000000E-002  0.99780197702738893        3.1776462054713538E-002
   1.0700000000000001E-002  0.99776008943112515        3.2075788942475925E-002
   1.0800000000000001E-002  0.99771780589012338        3.2375103101487203E-002
   1.0900000000000000E-002  0.99767512638237299        3.2674404411710746E-002
   1.1000000000000001E-002  0.99763205088565499        3.2973692753079667E-002
   1.1100000000000000E-002  0.99758857937754175        3.3272968005496541E-002
   1.1200000000000000E-002  0.99754471183539717        3.3572230048833113E-002
   1.1300000000000001E-002  0.99750044823637651        3.3871478762930007E-002
   1.1400000000000000E-002  0.99745578855742645        3.4170714027596437E-002
   1.1500000000000000E-002  0.99741073277528480        3.4469935722609917E-002
   1.1600000000000001E-002  0.99736528086648069        3.4769143727715973E-002
   1.1700000000000000E-002  0.99731943280733426        3.5068337922627854E-002
   1.1800000000000000E-002  0.99727318857395675        3.5367518187026242E-002
   1.1900000000000001E-002  0.99722654814225031        3.5666684400558965E-002
   1.2000000000000000E-002  0.99717951148790807        3.5965836442840703E-002
   1.2100000000000001E-002  0.99713207858641406        3.6264974193452697E-002
   1.2200000000000001E-002  0.99708424941304308        3.6564097531942466E-002
   1.2300000000000000E-002  0.99703602394286062        3.6863206337823508E-002
   1.2400000000000001E-002  0.99698740215072279        3.7162300490575007E-002
   1.2500000000000001E-002  0.99693838401127632        3.7461379869641549E-002
   1.2600000000000000E-002  0.99688896949895844        3.7760444354432834E-002
   1.2700000000000001E-002  0.99683915858799677        3.8059493824323373E-002
   1.2800000000000001E-002  0.99678895125240929        3.8358528158652205E-002
   1.2900000000000000E-002  0.99673834746600432        3.8657547236722600E-002
   1.3000000000000001E-002  0.99668734720238028        3.8956550937801773E-002
   1.3100000000000001E-002  0.99663595043492592        3.9255539141120580E-002
   1.3200000000000000E-002  0.99658415713681991        3.9554511725873237E-002
   1.3300000000000001E-002  0.99653196728103088        3.9853468571217028E-002
   1.3400000000000000E-002  0.99647938084031751        4.0152409556272001E-002
   1.3500000000000000E-002  0.99642639778722819        4.0451334560120678E-002
   1.3600000000000001E-002  0.99637301809410106        4.0750243461807764E-002
   1.3700000000000000E-002  0.99631924173306408        4.1049136140339858E-002
   1.3800000000000002E-002  0.99626506867603470        4.1348012474685149E-002
   1.3900000000000001E-002  0.99621049889471991        4.1646872343773129E-002
   1.4000000000000000E-002  0.99615553236061616        4.1945715626494302E-002
   1.4100000000000001E-002  0.99610016904500920        4.2244542201699875E-002
   1.4200000000000001E-002  0.99604440891897406        4.2543351948201469E-002
   1.4300000000000000E-002  0.99598825195337504        4.2842144744770827E-002
   1.4400000000000001E-002  0.99593169811886550        4.3140920470139524E-002
   1.4500000000000001E-002  0.99587474738588788        4.3439679002998659E-002
   1.4600000000000000E-002  0.99581739972467354        4.3738420221998559E-002
   1.4700000000000001E-002  0.99575965510524267        4.4037144005748492E-002
   1.4800000000000001E-002  0.99570151349740432        4.4335850232816373E-002
   1.4900000000000000E-002  0.99564297487075626        4.4634538781728454E-002
   1.5000000000000001E-002  0.99558403919468474        4.4933209530969027E-002
   1.5100000000000001E-002  0.99552470643836466        4.5231862358980142E-002
   1.5200000000000000E-002  0.99546497657075927        4.5530497144161297E-002
   1.5300000000000001E-002  0.99540484956062014        4.5829113764869145E-002
   1.5400000000000000E-002  0.99534432537648720        4.6127712099417191E-002
   1.5500000000000000E-002  0.99528340398668846        4.6426292026075497E-002
   1.5600000000000001E-002  0.99522208535934009        4.6724853423070381E-002
   1.5700000000000002E-002  0.99516036946234621        4.7023396168584128E-002
   1.5800000000000002E-002  0.99509825626339887        4.7321920140754675E-002
   1.5900000000000001E-002  0.99503574572997788        4.7620425217675316E-002
   1.6000000000000000E-002  0.99497283782935075        4.7918911277394415E-002
   1.6100000000000000E-002  0.99490953252857273        4.8217378197915085E-002
   1.6199999999999999E-002  0.99484582979448644        4.8515825857194904E-002
   1.6300000000000002E-002  0.99478172959372202        4.8814254133145607E-002
   1.6400000000000001E-002  0.99471723189269701        4.9112662903632788E-002
   1.6500000000000001E-002  0.99465233665761610        4.9411052046475598E-002
   1.6600000000000000E-002  0.99458704385447116        4.9709421439446441E-002
   1.6700000000000000E-002  0.99452135344904113        5.0007770960270675E-002
   1.6800000000000002E-002  0.99445526540689200        5.0306100486626308E-002
   1.6900000000000002E-002  0.99438877969337647        5.0604409896143690E-002
   1.7000000000000001E-002  0.99432189627363410        5.0902699066405224E-002
   1.7100000000000001E-002  0.99425461511259106        5.1200967874945054E-002
   1.7200000000000000E-002  0.99418693617496001        5.1499216199248764E-002
   1.7299999999999999E-002  0.99411885942524025        5.1797443916753068E-002
   1.7400000000000002E-002  0.99405038482771735        5.2095650904845511E-002
   1.7500000000000002E-002  0.99398151234646304        5.2393837040864172E-002
   1.7600000000000001E-002  0.99391224194533534        5.2692002202097341E-002
   1.7700000000000000E-002  0.99384257358797834        5.2990146265783231E-002
   1.7800000000000000E-002  0.99377250723782196        5.3288269109109672E-002
   1.7899999999999999E-002  0.99370204285808206        5.3586370609213792E-002
   1.8000000000000002E-002  0.99363118041176024        5.3884450643181717E-002
   1.8100000000000002E-002  0.99355991986164371        5.4182509088048274E-002
   1.8200000000000001E-002  0.99348826117030531        5.4480545820796672E-002
   1.8300000000000000E-002  0.99341620430010313        5.4778560718358203E-002
   1.8400000000000000E-002  0.99334374921318069        5.5076553657611931E-002
   1.8500000000000003E-002  0.99327089587146677        5.5374524515384389E-002
   1.8600000000000002E-002  0.99319764423667511        5.5672473168449262E-002
   1.8700000000000001E-002  0.99312399427030451        5.5970399493527084E-002
   1.8800000000000001E-002  0.99304994593363871        5.6268303367284937E-002
   1.8900000000000000E-002  0.99297549918774619        5.6566184666336124E-002
   1.9000000000000000E-002  0.99290065399348004        5.6864043267239872E-002
   1.9100000000000002E-002  0.99282541031147797        5.7161879046501031E-002
   1.9200000000000002E-002  0.99274976810216220        5.7459691880569742E-002
   1.9300000000000001E-002  0.99267372732573911        5.7757481645841144E-002
   1.9400000000000001E-002  0.99259728794219937        5.8055248218655056E-002
   1.9500000000000000E-002  0.99252044991131771        5.8352991475295671E-002
   1.9599999999999999E-002  0.99244321319265294        5.8650711291991231E-002
   1.9700000000000002E-002  0.99236557774554768        5.8948407544913733E-002
   1.9800000000000002E-002  0.99228754352912829        5.9246080110178609E-002
   1.9900000000000001E-002  0.99220911050230476        5.9543728863844410E-002
   2.0000000000000000E-002  0.99213027862377068        5.9841353681912506E-002
   2.0100000000000000E-002  0.99205104785200293        6.0138954440326756E-002
   2.0200000000000003E-002  0.99197141814526180        6.0436531014973198E-002
   2.0300000000000002E-002  0.99189138946159061        6.0734083281679750E-002
   2.0400000000000001E-002  0.99181096175881578        6.1031611116215877E-002
   2.0500000000000001E-002  0.99173013499454665        6.1329114394292283E-002
   2.0600000000000000E-002  0.99164890912617543        6.1626592991560605E-002
   2.0700000000000000E-002  0.99156728411087691        6.1924046783613081E-002
   2.0800000000000003E-002  0.99148525990560843        6.2221475645982245E-002
   2.0900000000000002E-002  0.99140283646710980        6.2518879454140600E-002
   2.1000000000000001E-002  0.99132001375190315        6.2816258083500331E-002
   2.1100000000000001E-002  0.99123679171629275        6.3113611409412948E-002
   2.1200000000000000E-002  0.99115317031636507        6.3410939307168998E-002
   2.1299999999999999E-002  0.99106914950798841        6.3708241651997732E-002
   2.1400000000000002E-002  0.99098472924681280        6.4005518319066798E-002
   2.1500000000000002E-002  0.99089990948827011        6.4302769183481906E-002
   2.1600000000000001E-002  0.99081469018757362        6.4599994120286511E-002
   2.1700000000000001E-002  0.99072907129971810        6.4897193004461520E-002
   2.1800000000000000E-002  0.99064305277947962        6.5194365710924948E-002
   2.1899999999999999E-002  0.99055663458141541        6.5491512114531594E-002
   2.2000000000000002E-002  0.99046981665986367        6.5788632090072741E-002
   2.2100000000000002E-002  0.99038259896894365        6.6085725512275817E-002
   2.2200000000000001E-002  0.99029498146255523        6.6382792255804082E-002
   2.2300000000000000E-002  0.99020696409437903        6.6679832195256306E-002
   2.2400000000000000E-002  0.99011854681787614        6.6976845205166433E-002
   2.2500000000000003E-002  0.99002972958628799        6.7273831160003281E-002
   2.2600000000000002E-002  0.98994051235263625        6.7570789934170206E-002
   2.2700000000000001E-002  0.98985089506972268        6.7867721402004783E-002
   2.2800000000000001E-002  0.98976087769012910        6.8164625437778487E-002
   2.2900000000000000E-002  0.98967046016621707        6.8461501915696346E-002
   2.3000000000000000E-002  0.98957964245012786        6.8758350709896637E-002
   2.3100000000000002E-002  0.98948842449378227        6.9055171694450551E-002
   2.3200000000000002E-002  0.98939680624888060        6.9351964743361888E-002
   2.3300000000000001E-002  0.98930478766690244        6.9648729730566697E-002
   2.3400000000000001E-002  0.98921236869910645        6.9945466529932970E-002
   2.3500000000000000E-002  0.98911954929653023        7.0242175015260311E-002
   2.3599999999999999E-002  0.98902632940999036        7.0538855060279612E-002
   2.3700000000000002E-002  0.98893270899008201        7.0835506538652726E-002
   2.3800000000000002E-002  0.98883868798717900        7.1132129323972129E-002
   2.3900000000000001E-002  0.98874426635143364        7.1428723289760604E-002
   2.4000000000000000E-002  0.98864944403277644        7.1725288309470892E-002
   2.4100000000000000E-002  0.98855422098091605        7.2021824256485387E-002
   2.4200000000000003E-002  0.98845859714533912        7.2318331004115791E-002
   2.4300000000000002E-002  0.98836257247531012        7.2614808425602778E-002
   2.4400000000000002E-002  0.98826614691987125        7.2911256394115678E-002
   2.4500000000000001E-002  0.98816932042784233        7.3207674782752141E-002
   2.4600000000000000E-002  0.98807209294782050        7.3504063464537792E-002
   2.4700000000000000E-002  0.98797446442818015        7.3800422312425923E-002
   2.4800000000000003E-002  0.98787643481707288        7.4096751199297137E-002
   2.4900000000000002E-002  0.98777800406242711        7.4393049997959024E-002
   2.5000000000000001E-002  0.98767917211194822        7.4689318581145817E-002
   2.5100000000000001E-002  0.98757993891311813        7.4985556821518085E-002
   2.5200000000000000E-002  0.98748030441319523        7.5281764591662373E-002
   2.5300000000000000E-002  0.98738026855921435        7.5577941764090870E-002
   2.5400000000000002E-002  0.98727983129798658        7.5874088211241072E-002
   2.5500000000000002E-002  0.98717899257609887        7.6170203805475456E-002
   2.5600000000000001E-002  0.98707775233991424        7.6466288419081138E-002
   2.5700000000000001E-002  0.98697611053557133        7.6762341924269534E-002
   2.5800000000000000E-002  0.98687406710898440        7.7058364193176021E-002
   2.5900000000000003E-002  0.98677162200584312        7.7354355097859609E-002
   2.6000000000000002E-002  0.98666877517161244        7.7650314510302590E-002
   2.6100000000000002E-002  0.98656552655153240        7.7946242302410193E-002
   2.6200000000000001E-002  0.98646187609061786        7.8242138346010265E-002
   2.6300000000000000E-002  0.98635782373365866        7.8538002512852909E-002
   2.6400000000000000E-002  0.98625336942521913        7.8833834674610165E-002
   2.6500000000000003E-002  0.98614851310963814        7.9129634702875651E-002
   2.6600000000000002E-002  0.98604325473102883        7.9425402469164227E-002
   2.6700000000000002E-002  0.98593759423327842        7.9721137844911652E-002
   2.6800000000000001E-002  0.98583153156004821        8.0016840701474246E-002
   2.6900000000000000E-002  0.98572506665477322        8.0312510910128532E-002
   2.7000000000000000E-002  0.98561819946066220        8.0608148342070904E-002
   2.7100000000000003E-002  0.98551092992069733        8.0903752868417278E-002
   2.7200000000000002E-002  0.98540325797763406        8.1199324360202760E-002
   2.7300000000000001E-002  0.98529518357400103        8.1494862688381284E-002
   2.7400000000000001E-002  0.98518670665209984        8.1790367723825266E-002
   2.7500000000000000E-002  0.98507782715400494        8.2085839337325273E-002
   2.7600000000000003E-002  0.98496854502156339        8.2381277399589656E-002
   2.7700000000000002E-002  0.98485886019639468        8.2676681781244210E-002
   2.7800000000000002E-002  0.98474877261989069        8.2972052352831824E-002
   2.7900000000000001E-002  0.98463828223321537        8.3267388984812146E-002
   2.8000000000000001E-002  0.98452738897730463        8.3562691547561213E-002
   2.8100000000000000E-002  0.98441609279286613        8.3857959911371113E-002
   2.8200000000000003E-002  0.98430439362037925        8.4153193946449642E-002
   2.8300000000000002E-002  0.98419229140009468        8.4448393522919926E-002
   2.8400000000000002E-002  0.98407978607203439        8.4743558510820105E-002
   2.8500000000000001E-002  0.98396687757599155        8.5038688780102942E-002
   2.8600000000000000E-002  0.98385356585153005        8.5333784200635504E-002
   2.8700000000000000E-002  0.98373985083798465        8.5628844642198790E-002
   2.8800000000000003E-002  0.98362573247446061        8.5923869974487380E-002
   2.8900000000000002E-002  0.98351121069983360        8.6218860067109077E-002
   2.9000000000000001E-002  0.98339628545274949        8.6513814789584559E-002
   2.9100000000000001E-002  0.98328095667162407        8.6808734011347033E-002
   2.9200000000000000E-002  0.98316522429464315        8.7103617601741859E-002
   2.9300000000000003E-002  0.98304908825976201        8.7398465430026190E-002
   2.9400000000000003E-002  0.98293254850470546        8.7693277365368638E-002
   2.9500000000000002E-002  0.98281560496696763        8.7988053276848902E-002
   2.9600000000000001E-002  0.98269825758381169        8.8282793033457402E-002
   2.9700000000000001E-002  0.98258050629226978        8.8577496504094938E-002
   2.9800000000000000E-002  0.98246235102914281        8.8872163557572312E-002
   2.9900000000000003E-002  0.98234379173100017        8.9166794062609980E-002
   3.0000000000000002E-002  0.98222482833417957        8.9461387887837682E-002
   3.0100000000000002E-002  0.98210546077478700        8.9755944901794088E-002
   3.0200000000000001E-002  0.98198568898869631        9.0050464972926444E-002
   3.0300000000000001E-002  0.98186551291154922        9.0344947969590181E-002
   3.0400000000000000E-002  0.98174493247875505        9.0639393760048578E-002
   3.0500000000000003E-002  0.98162394762549054        9.0933802212472381E-002
   3.0600000000000002E-002  0.98150255828669963        9.1228173194939449E-002
   3.0700000000000002E-002  0.98138076439709332        9.1522506575434370E-002
   3.0800000000000001E-002  0.98125856589114946        9.1816802221848126E-002
   3.0900000000000000E-002  0.98113596270311254        9.2111060001977704E-002
   3.1000000000000000E-002  0.98101295476699346        9.2405279783525737E-002
   3.1100000000000003E-002  0.98088954201656942        9.2699461434100128E-002
   3.1200000000000002E-002  0.98076572438538356        9.2993604821213702E-002
   3.1300000000000001E-002  0.98064150180674503        9.3287709812283806E-002
   3.1400000000000004E-002  0.98051687421372857        9.3581776274631961E-002
   3.1500000000000000E-002  0.98039184153917436        9.3875804075483474E-002
   3.1600000000000003E-002  0.98026640371568785        9.4169793081967088E-002
   3.1699999999999999E-002  0.98014056067563970        9.4463743161114597E-002
   3.1800000000000002E-002  0.98001431235116532        9.4757654179860484E-002
   3.1900000000000005E-002  0.97988765867416472        9.5051526005041534E-002
   3.2000000000000001E-002  0.97976059957630246        9.5345358503396455E-002
   3.2100000000000004E-002  0.97963313498900739        9.5639151541565534E-002
   3.2199999999999999E-002  0.97950526484347233        9.5932904986090237E-002
   3.2300000000000002E-002  0.97937698907065407        9.6226618703412828E-002
   3.2399999999999998E-002  0.97924830760127290        9.6520292559876014E-002
   3.2500000000000001E-002  0.97911922036581267        9.6813926421722554E-002
   3.2600000000000004E-002  0.97898972729452038        9.7107520155094884E-002
   3.2700000000000000E-002  0.97885982831740603        9.7401073626034743E-002
   3.2800000000000003E-002  0.97872952336424257        9.7694586700482783E-002
   3.2899999999999999E-002  0.97859881236456547        9.7988059244278197E-002
   3.3000000000000002E-002  0.97846769524767263        9.8281491123158329E-002
   3.3100000000000004E-002  0.97833617194262412        9.8574882202758313E-002
   3.3200000000000000E-002  0.97820424237824199        9.8868232348610668E-002
   3.3300000000000003E-002  0.97807190648311004        9.9161541426144931E-002
   3.3399999999999999E-002  0.97793916418557358        9.9454809300687258E-002
   3.3500000000000002E-002  0.97780601541373935        9.9748035837460058E-002
   3.3600000000000005E-002  0.97767246009547515       0.10004122090158160     
   3.3700000000000001E-002  0.97753849815840965       0.10033436435806564     
   3.3800000000000004E-002  0.97740412952993228       0.10062746607182101     
   3.3900000000000000E-002  0.97726935413719296       0.10092052590765123     
   3.4000000000000002E-002  0.97713417190710183       0.10121354373025415     
   3.4099999999999998E-002  0.97699858276632900       0.10150651940422155     
   3.4200000000000001E-002  0.97686258664130443       0.10179945279403872     
   3.4300000000000004E-002  0.97672618345821771       0.10209234376408412     
   3.4400000000000000E-002  0.97658937314301786       0.10238519217862894     
   3.4500000000000003E-002  0.97645215562141296       0.10267799790183677     
   3.4599999999999999E-002  0.97631453081886999       0.10297076079776313     
   3.4700000000000002E-002  0.97617649866061473       0.10326348073035514     
   3.4800000000000005E-002  0.97603805907163133       0.10355615756345112     
   3.4900000000000000E-002  0.97589921197666230       0.10384879116078014     
   3.5000000000000003E-002  0.97575995730020815       0.10414138138596168     
   3.5099999999999999E-002  0.97562029496652714       0.10443392810250525     
   3.5200000000000002E-002  0.97548022489963515       0.10472643117380992     
   3.5300000000000005E-002  0.97533974702330539       0.10501889046316400     
   3.5400000000000001E-002  0.97519886126106825       0.10531130583374458     
   3.5500000000000004E-002  0.97505756753621087       0.10560367714861717     
   3.5600000000000000E-002  0.97491586577177713       0.10589600427073527     
   3.5700000000000003E-002  0.97477375589056736       0.10618828706294002     
   3.5799999999999998E-002  0.97463123781513805       0.10648052538795974     
   3.5900000000000001E-002  0.97448831146780157       0.10677271910840956     
   3.6000000000000004E-002  0.97434497677062615       0.10706486808679101     
   3.6100000000000000E-002  0.97420123364543532       0.10735697218549162     
   3.6200000000000003E-002  0.97405708201380803       0.10764903126678450     
   3.6299999999999999E-002  0.97391252179707821       0.10794104519282798     
   3.6400000000000002E-002  0.97376755291633454       0.10823301382566512     
   3.6500000000000005E-002  0.97362217529242023       0.10852493702722341     
   3.6600000000000001E-002  0.97347638884593268       0.10881681465931425     
   3.6700000000000003E-002  0.97333019349722349       0.10910864658363266     
   3.6799999999999999E-002  0.97318358916639802       0.10940043266175675     
   3.6900000000000002E-002  0.97303657577331526       0.10969217275514741     
   3.7000000000000005E-002  0.97288915323758740       0.10998386672514782     
   3.7100000000000001E-002  0.97274132147857983       0.11027551443298310     
   3.7200000000000004E-002  0.97259308041541082       0.11056711573975987     
   3.7300000000000000E-002  0.97244442996695113       0.11085867050646585     
   3.7400000000000003E-002  0.97229537005182387       0.11115017859396940     
   3.7499999999999999E-002  0.97214590058840422       0.11144163986301919     
   3.7600000000000001E-002  0.97199602149481934       0.11173305417424370     
   3.7700000000000004E-002  0.97184573268894792       0.11202442138815083     
   3.7800000000000000E-002  0.97169503408841995       0.11231574136512751     
   3.7900000000000003E-002  0.97154392561061664       0.11260701396543925     
   3.7999999999999999E-002  0.97139240717266995       0.11289823904922973     
   3.8100000000000002E-002  0.97124047869146246       0.11318941647652039     
   3.8200000000000005E-002  0.97108814008362709       0.11348054610721001     
   3.8300000000000001E-002  0.97093539126554695       0.11377162780107423     
   3.8400000000000004E-002  0.97078223215335480       0.11406266141776523     
   3.8500000000000000E-002  0.97062866266293313       0.11435364681681123     
   3.8600000000000002E-002  0.97047468270991366       0.11464458385761608     
   3.8700000000000005E-002  0.97032029220967719       0.11493547239945885     
   3.8800000000000001E-002  0.97016549107735339       0.11522631230149338     
   3.8900000000000004E-002  0.97001027922782046       0.11551710342274789     
   3.9000000000000000E-002  0.96985465657570480       0.11580784562212450     
   3.9100000000000003E-002  0.96969862303538090       0.11609853875839886     
   3.9199999999999999E-002  0.96954217852097102       0.11638918269021968     
   3.9300000000000002E-002  0.96938532294634494       0.11667977727610830     
   3.9400000000000004E-002  0.96922805622511954       0.11697032237445827     
   3.9500000000000000E-002  0.96907037827065878       0.11726081784353493     
   3.9600000000000003E-002  0.96891228899607329       0.11755126354147492     
   3.9699999999999999E-002  0.96875378831422010       0.11784165932628585     
   3.9800000000000002E-002  0.96859487613770245       0.11813200505584574     
   3.9900000000000005E-002  0.96843555237886958       0.11842230058790269     
   4.0000000000000001E-002  0.96827581694981613       0.11871254578007437     
   4.0100000000000004E-002  0.96811566976238228       0.11900274048984762     
   4.0200000000000000E-002  0.96795511072815321       0.11929288457457798     
   4.0300000000000002E-002  0.96779413975845896       0.11958297789148931     
   4.0400000000000005E-002  0.96763275676437410       0.11987302029767326     
   4.0500000000000001E-002  0.96747096165671742       0.12016301165008891     
   4.0600000000000004E-002  0.96730875434605179       0.12045295180556230     
   4.0700000000000000E-002  0.96714613474268374       0.12074284062078595     
   4.0800000000000003E-002  0.96698310275666322       0.12103267795231848     
   4.0899999999999999E-002  0.96681965829778338       0.12132246365658408     
   4.1000000000000002E-002  0.96665580127558015       0.12161219758987216     
   4.1100000000000005E-002  0.96649153159933221       0.12190187960833682     
   4.1200000000000001E-002  0.96632684917806044       0.12219150956799645     
   4.1300000000000003E-002  0.96616175392052783       0.12248108732473326     
   4.1399999999999999E-002  0.96599624573523912       0.12277061273429285     
   4.1500000000000002E-002  0.96583032453044049       0.12306008565228373     
   4.1600000000000005E-002  0.96566399021411931       0.12334950593417687     
   4.1700000000000001E-002  0.96549724269400383       0.12363887343530529     
   4.1800000000000004E-002  0.96533008187756297       0.12392818801086354     
   4.1900000000000000E-002  0.96516250767200595       0.12421744951590730     
   4.2000000000000003E-002  0.96499451998428198       0.12450665780535286     
   4.2100000000000005E-002  0.96482611872108015       0.12479581273397675     
   4.2200000000000001E-002  0.96465730378882886       0.12508491415641521     
   4.2300000000000004E-002  0.96448807509369583       0.12537396192716374     
   4.2400000000000000E-002  0.96431843254158756       0.12566295590057666     
   4.2500000000000003E-002  0.96414837603814907       0.12595189593086664     
   4.2599999999999999E-002  0.96397790548876383       0.12624078187210425     
   4.2700000000000002E-002  0.96380702079855318       0.12652961357821746     
   4.2800000000000005E-002  0.96363572187237623       0.12681839090299124     
   4.2900000000000001E-002  0.96346400861482939       0.12710711370006703     
   4.3000000000000003E-002  0.96329188093024631       0.12739578182294228     
   4.3099999999999999E-002  0.96311933872269739       0.12768439512497001     
   4.3200000000000002E-002  0.96294638189598947       0.12797295345935833     
   4.3300000000000005E-002  0.96277301035366558       0.12826145667916997     
   4.3400000000000001E-002  0.96259922399900477       0.12854990463732177     
   4.3500000000000004E-002  0.96242502273502162       0.12883829718658429     
   4.3600000000000000E-002  0.96225040646446602       0.12912663417958128     
   4.3700000000000003E-002  0.96207537508982288       0.12941491546878922     
   4.3799999999999999E-002  0.96189992851331174       0.12970314090653681     
   4.3900000000000002E-002  0.96172406663688648       0.12999131034500455     
   4.4000000000000004E-002  0.96154778936223506       0.13027942363622425     
   4.4100000000000000E-002  0.96137109659077924       0.13056748063207849     
   4.4200000000000003E-002  0.96119398822367419       0.13085548118430021     
   4.4299999999999999E-002  0.96101646416180830       0.13114342514447222     
   4.4400000000000002E-002  0.96083852430580274       0.13143131236402669     
   4.4500000000000005E-002  0.96066016855601111       0.13171914269424470     
   4.4600000000000001E-002  0.96048139681251932       0.13200691598625569     
   4.4700000000000004E-002  0.96030220897514507       0.13229463209103706     
   4.4800000000000000E-002  0.96012260494343771       0.13258229085941364     
   4.4900000000000002E-002  0.95994258461667781       0.13286989214205719     
   4.5000000000000005E-002  0.95976214789387682       0.13315743578948591     
   4.5100000000000001E-002  0.95958129467377684       0.13344492165206401     
   4.5200000000000004E-002  0.95940002485485021       0.13373234958000116     
   4.5300000000000000E-002  0.95921833833529935       0.13401971942335200     
   4.5400000000000003E-002  0.95903623501305624       0.13430703103201566     
   4.5499999999999999E-002  0.95885371478578219       0.13459428425573527     
   4.5600000000000002E-002  0.95867077755086760       0.13488147894409747     
   4.5700000000000005E-002  0.95848742320543145       0.13516861494653187     
   4.5800000000000000E-002  0.95830365164632114       0.13545569211231062     
   4.5900000000000003E-002  0.95811946277011195       0.13574271029054782     
   4.5999999999999999E-002  0.95793485647310705       0.13602966933019914     
   4.6100000000000002E-002  0.95774983265133684       0.13631656908006118     
   4.6200000000000005E-002  0.95756439120055881       0.13660340938877111     
   4.6300000000000001E-002  0.95737853201625711       0.13689019010480605     
   4.6400000000000004E-002  0.95719225499364224       0.13717691107648261     
   4.6500000000000000E-002  0.95700556002765080       0.13746357215195640     
   4.6600000000000003E-002  0.95681844701294505       0.13775017317922147     
   4.6700000000000005E-002  0.95663091584391258       0.13803671400610987     
   4.6800000000000001E-002  0.95644296641466608       0.13832319448029107     
   4.6900000000000004E-002  0.95625459861904283       0.13860961444927150     
   4.7000000000000000E-002  0.95606581235060450       0.13889597376039403     
   4.7100000000000003E-002  0.95587660750263681       0.13918227226083746     
   4.7199999999999999E-002  0.95568698396814911       0.13946850979761596     
   4.7300000000000002E-002  0.95549694163987409       0.13975468621757861     
   4.7400000000000005E-002  0.95530648041026744       0.14004080136740882     
   4.7500000000000001E-002  0.95511560017150743       0.14032685509362386     
   4.7600000000000003E-002  0.95492430081549462       0.14061284724257433     
   4.7699999999999999E-002  0.95473258223385160       0.14089877766044367     
   4.7800000000000002E-002  0.95454044431792251       0.14118464619324755     
   4.7900000000000005E-002  0.95434788695877271       0.14147045268683342     
   4.8000000000000001E-002  0.95415491004718844       0.14175619698687997     
   4.8100000000000004E-002  0.95396151347367653       0.14204187893889658     
   4.8200000000000000E-002  0.95376769712846399       0.14232749838822284     
   4.8300000000000003E-002  0.95357346090149764       0.14261305518002795     
   4.8400000000000006E-002  0.95337880468244385       0.14289854915931027     
   4.8500000000000001E-002  0.95318372836068799       0.14318398017089673     
   4.8600000000000004E-002  0.95298823182533432       0.14346934805944231     
   4.8700000000000000E-002  0.95279231496520544       0.14375465266942949     
   4.8800000000000003E-002  0.95259597766884208       0.14403989384516777     
   4.8899999999999999E-002  0.95239921982450260       0.14432507143079309     
   4.9000000000000002E-002  0.95220204132016273       0.14461018527026728     
   4.9100000000000005E-002  0.95200444204351520       0.14489523520737754     
   4.9200000000000001E-002  0.95180642188196929       0.14518022108573592     
   4.9300000000000004E-002  0.95160798072265051       0.14546514274877873     
   4.9399999999999999E-002  0.95140911845240039       0.14575000003976604     
   4.9500000000000002E-002  0.95120983495777578       0.14603479280178111     
   4.9600000000000005E-002  0.95101013012504876       0.14631952087772984     
   4.9700000000000001E-002  0.95081000384020620       0.14660418411034024     
   4.9800000000000004E-002  0.95060945598894930       0.14688878234216185     
   4.9900000000000000E-002  0.95040848645669340       0.14717331541556525     
   5.0000000000000003E-002  0.95020709512856738       0.14745778317274144     
   5.0100000000000006E-002  0.95000528188941347       0.14774218545570134     
   5.0200000000000002E-002  0.94980304662378678       0.14802652210627518     
   5.0300000000000004E-002  0.94960038921595502       0.14831079296611199     
   5.0400000000000000E-002  0.94939730954989798       0.14859499787667904     
   5.0500000000000003E-002  0.94919380750930715       0.14887913667926125     
   5.0599999999999999E-002  0.94898988297758557       0.14916320921496065     
   5.0700000000000002E-002  0.94878553583784719       0.14944721532469582     
   5.0800000000000005E-002  0.94858076597291663       0.14973115484920133     
   5.0900000000000001E-002  0.94837557326532873       0.15001502762902713     
   5.1000000000000004E-002  0.94816995759732825       0.15029883350453807     
   5.1100000000000000E-002  0.94796391885086939       0.15058257231591324     
   5.1200000000000002E-002  0.94775745690761548       0.15086624390314546     
   5.1300000000000005E-002  0.94755057164893852       0.15114984810604068     
   5.1400000000000001E-002  0.94734326295591886       0.15143338476421744     
   5.1500000000000004E-002  0.94713553070934475       0.15171685371710628     
   5.1600000000000000E-002  0.94692737478971201       0.15200025480394913     
   5.1700000000000003E-002  0.94671879507722345       0.15228358786379881     
   5.1800000000000006E-002  0.94650979145178882       0.15256685273551837     
   5.1900000000000002E-002  0.94630036379302407       0.15285004925778059     
   5.2000000000000005E-002  0.94609051198025118       0.15313317726906731     
   5.2100000000000000E-002  0.94588023589249770       0.15341623660766890     
   5.2200000000000003E-002  0.94566953540849630       0.15369922711168371     
   5.2299999999999999E-002  0.94545841040668432       0.15398214861901741     
   5.2400000000000002E-002  0.94524686076520359       0.15426500096738244     
   5.2500000000000005E-002  0.94503488636189981       0.15454778399429742     
   5.2600000000000001E-002  0.94482248707432226       0.15483049753708655     
   5.2700000000000004E-002  0.94460966277972336       0.15511314143287908     
   5.2800000000000000E-002  0.94439641335505831       0.15539571551860859     
   5.2900000000000003E-002  0.94418273867698455       0.15567821963101250     
   5.3000000000000005E-002  0.94396863862186142       0.15596065360663144     
   5.3100000000000001E-002  0.94375411306574986       0.15624301728180867     
   5.3200000000000004E-002  0.94353916188441189       0.15652531049268945     
   5.3300000000000000E-002  0.94332378495331015       0.15680753307522044     
   5.3400000000000003E-002  0.94310798214760760       0.15708968486514913     
   5.3500000000000006E-002  0.94289175334216702       0.15737176569802319     
   5.3600000000000002E-002  0.94267509841155062       0.15765377540918993     
   5.3700000000000005E-002  0.94245801723001976       0.15793571383379562     
   5.3800000000000001E-002  0.94224050967153428       0.15821758080678494     
   5.3900000000000003E-002  0.94202257560975211       0.15849937616290033     
   5.3999999999999999E-002  0.94180421491802913       0.15878109973668139     
   5.4100000000000002E-002  0.94158542746941842       0.15906275136246426     
   5.4200000000000005E-002  0.94136621313667002       0.15934433087438099     
   5.4300000000000001E-002  0.94114657179223038       0.15962583810635900     
   5.4400000000000004E-002  0.94092650330824212       0.15990727289212037     
   5.4500000000000000E-002  0.94070600755654343       0.16018863506518125     
   5.4600000000000003E-002  0.94048508440866774       0.16046992445885125     
   5.4700000000000006E-002  0.94026373373584315       0.16075114090623280     
   5.4800000000000001E-002  0.94004195540899227       0.16103228424022054     
   5.4900000000000004E-002  0.93981974929873147       0.16131335429350066     
   5.5000000000000000E-002  0.93959711527537060       0.16159435089855034     
   5.5100000000000003E-002  0.93937405320891254       0.16187527388763706     
   5.5200000000000006E-002  0.93915056296905275       0.16215612309281796     
   5.5300000000000002E-002  0.93892664442517892       0.16243689834593925     
   5.5400000000000005E-002  0.93870229744637035       0.16271759947863551     
   5.5500000000000001E-002  0.93847752190139766       0.16299822632232916     
   5.5600000000000004E-002  0.93825231765872230       0.16327877870822971     
   5.5700000000000000E-002  0.93802668458649618       0.16355925646733319     
   5.5800000000000002E-002  0.93780062255256103       0.16383965943042145     
   5.5900000000000005E-002  0.93757413142444812       0.16411998742806155     
   5.6000000000000001E-002  0.93734721106937779       0.16440024029060515     
   5.6100000000000004E-002  0.93711986135425895       0.16468041784818779     
   5.6200000000000000E-002  0.93689208214568864       0.16496051993072827     
   5.6300000000000003E-002  0.93666387330995160       0.16524054636792801     
   5.6400000000000006E-002  0.93643523471301982       0.16552049698927038     
   5.6500000000000002E-002  0.93620616622055208       0.16580037162402006     
   5.6600000000000004E-002  0.93597666769789345       0.16608017010122236     
   5.6700000000000000E-002  0.93574673901007488       0.16635989224970260     
   5.6800000000000003E-002  0.93551638002181270       0.16663953789806540     
   5.6900000000000006E-002  0.93528559059750827       0.16691910687469405     
   5.7000000000000002E-002  0.93505437060124741       0.16719859900774986     
   5.7100000000000005E-002  0.93482271989679988       0.16747801412517144     
   5.7200000000000001E-002  0.93459063834761902       0.16775735205467407     
   5.7300000000000004E-002  0.93435812581684130       0.16803661262374905     
   5.7400000000000000E-002  0.93412518216728579       0.16831579565966298     
   5.7500000000000002E-002  0.93389180726145382       0.16859490098945712     
   5.7600000000000005E-002  0.93365800096152829       0.16887392843994667     
   5.7700000000000001E-002  0.93342376312937325       0.16915287783772015     
   5.7800000000000004E-002  0.93318909362653357       0.16943174900913871     
   5.7900000000000000E-002  0.93295399231423437       0.16971054178033543     
   5.8000000000000003E-002  0.93271845905338058       0.16998925597721462     
   5.8100000000000006E-002  0.93248249370455638       0.17026789142545118     
   5.8200000000000002E-002  0.93224609612802478       0.17054644795048987     
   5.8300000000000005E-002  0.93200926618372715       0.17082492537754468     
   5.8400000000000001E-002  0.93177200373128277       0.17110332353159804     
   5.8500000000000003E-002  0.93153430862998832       0.17138164223740024     
   5.8600000000000006E-002  0.93129618073881726       0.17165988131946866     
   5.8700000000000002E-002  0.93105761991641955       0.17193804060208712     
   5.8800000000000005E-002  0.93081862602112109       0.17221611990930510     
   5.8900000000000001E-002  0.93057919891092311       0.17249411906493717     
   5.9000000000000004E-002  0.93033933844350181       0.17277203789256215     
   5.9100000000000000E-002  0.93009904447620784       0.17304987621552251     
   5.9200000000000003E-002  0.92985831686606590       0.17332763385692360     
   5.9300000000000005E-002  0.92961715546977408       0.17360531063963300     
   5.9400000000000001E-002  0.92937556014370337       0.17388290638627973     
   5.9500000000000004E-002  0.92913353074389726       0.17416042091925363     
   5.9600000000000000E-002  0.92889106712607128       0.17443785406070456     
   5.9700000000000003E-002  0.92864816914561232       0.17471520563254173     
   5.9800000000000006E-002  0.92840483665757823       0.17499247545643296     
   5.9900000000000002E-002  0.92816106951669741       0.17526966335380398     
   6.0000000000000005E-002  0.92791686757736813       0.17554676914583769     
   6.0100000000000001E-002  0.92767223069365812       0.17582379265347345     
   6.0200000000000004E-002  0.92742715871930403       0.17610073369740634     
   6.0299999999999999E-002  0.92718165150771092       0.17637759209808643     
   6.0400000000000002E-002  0.92693570891195176       0.17665436767571807     
   6.0500000000000005E-002  0.92668933078476701       0.17693106025025915     
   6.0600000000000001E-002  0.92644251697856383       0.17720766964142032     
   6.0700000000000004E-002  0.92619526734541591       0.17748419566866433     
   6.0800000000000000E-002  0.92594758173706271       0.17776063815120521     
   6.0900000000000003E-002  0.92569946000490899       0.17803699690800759     
   6.1000000000000006E-002  0.92545090200002433       0.17831327175778591     
   6.1100000000000002E-002  0.92520190757314258       0.17858946251900373     
   6.1200000000000004E-002  0.92495247657466140       0.17886556900987294     
   6.1300000000000000E-002  0.92470260885464162       0.17914159104835300     
   6.1400000000000003E-002  0.92445230426280678       0.17941752845215023     
   6.1500000000000006E-002  0.92420156264854258       0.17969338103871699     
   6.1600000000000002E-002  0.92395038386089645       0.17996914862525099     
   6.1700000000000005E-002  0.92369876774857684       0.18024483102869449     
   6.1800000000000001E-002  0.92344671415995283       0.18052042806573357     
   6.1900000000000004E-002  0.92319422294305342       0.18079593955279732     
   6.2000000000000000E-002  0.92294129394556723       0.18107136530605714     
   6.2100000000000002E-002  0.92268792701484170       0.18134670514142590     
   6.2200000000000005E-002  0.92243412199788288       0.18162195887455720     
   6.2300000000000001E-002  0.92217987874135454       0.18189712632084465     
   6.2400000000000004E-002  0.92192519709157783       0.18217220729542097     
   6.2500000000000000E-002  0.92167007689453073       0.18244720161315733     
   6.2600000000000003E-002  0.92141451799584739       0.18272210908866254     
   6.2700000000000006E-002  0.92115852024081768       0.18299692953628222     
   6.2800000000000009E-002  0.92090208347438662       0.18327166277009807     
   6.2899999999999998E-002  0.92064520754115386       0.18354630860392707     
   6.3000000000000000E-002  0.92038789228537299       0.18382086685132068     
   6.3100000000000003E-002  0.92013013755095108       0.18409533732556405     
   6.3200000000000006E-002  0.91987194318144816       0.18436971983967523     
   6.3300000000000009E-002  0.91961330902007665       0.18464401420640439     
   6.3399999999999998E-002  0.91935423490970081       0.18491822023823298     
   6.3500000000000001E-002  0.91909472069283604       0.18519233774737298     
   6.3600000000000004E-002  0.91883476621164850       0.18546636654576606     
   6.3700000000000007E-002  0.91857437130795438       0.18574030644508280     
   6.3800000000000009E-002  0.91831353582321940       0.18601415725672182     
   6.3899999999999998E-002  0.91805225959855830       0.18628791879180909     
   6.4000000000000001E-002  0.91779054247473424       0.18656159086119697     
   6.4100000000000004E-002  0.91752838429215822       0.18683517327546353     
   6.4200000000000007E-002  0.91726578489088839       0.18710866584491165     
   6.4300000000000010E-002  0.91700274411062976       0.18738206837956822     
   6.4399999999999999E-002  0.91673926179073328       0.18765538068918333     
   6.4500000000000002E-002  0.91647533777019552       0.18792860258322941     
   6.4600000000000005E-002  0.91621097188765788       0.18820173387090045     
   6.4700000000000008E-002  0.91594616398140616       0.18847477436111112     
   6.4799999999999996E-002  0.91568091388937001       0.18874772386249603     
   6.4899999999999999E-002  0.91541522144912224       0.18902058218340873     
   6.5000000000000002E-002  0.91514908649787818       0.18929334913192103     
   6.5100000000000005E-002  0.91488250887249523       0.18956602451582211     
   6.5200000000000008E-002  0.91461548840947215       0.18983860814261763     
   6.5299999999999997E-002  0.91434802494494860       0.19011109981952895     
   6.5400000000000000E-002  0.91408011831470448       0.19038349935349225     
   6.5500000000000003E-002  0.91381176835415923       0.19065580655115766     
   6.5600000000000006E-002  0.91354297489837144       0.19092802121888847     
   6.5700000000000008E-002  0.91327373778203802       0.19120014316276018     
   6.5799999999999997E-002  0.91300405683949371       0.19147217218855975     
   6.5900000000000000E-002  0.91273393190471053       0.19174410810178466     
   6.6000000000000003E-002  0.91246336281129714       0.19201595070764207     
   6.6100000000000006E-002  0.91219234939249816       0.19228769981104799     
   6.6200000000000009E-002  0.91192089148119360       0.19255935521662632     
   6.6299999999999998E-002  0.91164898890989832       0.19283091672870806     
   6.6400000000000001E-002  0.91137664151076125       0.19310238415133041     
   6.6500000000000004E-002  0.91110384911556497       0.19337375728823591     
   6.6600000000000006E-002  0.91083061155572498       0.19364503594287152     
   6.6700000000000009E-002  0.91055692866228910       0.19391621991838778     
   6.6799999999999998E-002  0.91028280026593689       0.19418730901763789     
   6.6900000000000001E-002  0.91000822619697885       0.19445830304317685     
   6.7000000000000004E-002  0.90973320628535603       0.19472920179726055     
   6.7100000000000007E-002  0.90945774036063931       0.19500000508184490     
   6.7200000000000010E-002  0.90918182825202887       0.19527071269858487     
   6.7299999999999999E-002  0.90890546978835329       0.19554132444883371     
   6.7400000000000002E-002  0.90862866479806914       0.19581184013364192     
   6.7500000000000004E-002  0.90835141310926037       0.19608225955375644     
   6.7600000000000007E-002  0.90807371454963748       0.19635258250961968     
   6.7700000000000010E-002  0.90779556894653701       0.19662280880136865     
   6.7799999999999999E-002  0.90751697612692095       0.19689293822883402     
   6.7900000000000002E-002  0.90723793591737600       0.19716297059153925     
   6.8000000000000005E-002  0.90695844814411308       0.19743290568869962     
   6.8100000000000008E-002  0.90667851263296639       0.19770274331922127     
   6.8199999999999997E-002  0.90639812920939300       0.19797248328170042     
   6.8300000000000000E-002  0.90611729769847216       0.19824212537442229     
   6.8400000000000002E-002  0.90583601792490465       0.19851166939536027     
   6.8500000000000005E-002  0.90555428971301211       0.19878111514217495     
   6.8600000000000008E-002  0.90527211288673637       0.19905046241221316     
   6.8699999999999997E-002  0.90498948726963879       0.19931971100250709     
   6.8800000000000000E-002  0.90470641268489960       0.19958886070977327     
   6.8900000000000003E-002  0.90442288895531719       0.19985791133041170     
   6.9000000000000006E-002  0.90413891590330764       0.20012686266050483     
   6.9100000000000009E-002  0.90385449335090384       0.20039571449581670     
   6.9199999999999998E-002  0.90356962111975492       0.20066446663179188     
   6.9300000000000000E-002  0.90328429903112550       0.20093311886355464     
   6.9400000000000003E-002  0.90299852690589522       0.20120167098590785     
   6.9500000000000006E-002  0.90271230456455775       0.20147012279333212     
   6.9600000000000009E-002  0.90242563182722046       0.20173847407998480     
   6.9699999999999998E-002  0.90213850851360355       0.20200672463969899     
   6.9800000000000001E-002  0.90185093444303932       0.20227487426598259     
   6.9900000000000004E-002  0.90156290943447159       0.20254292275201732     
   7.0000000000000007E-002  0.90127443330645507       0.20281086989065775     
   7.0100000000000010E-002  0.90098550587715454       0.20307871547443029     
   7.0199999999999999E-002  0.90069612696434420       0.20334645929553227     
   7.0300000000000001E-002  0.90040629638540703       0.20361410114583087     
   7.0400000000000004E-002  0.90011601395733409       0.20388164081686216     
   7.0500000000000007E-002  0.89982527949672375       0.20414907809983013     
   7.0600000000000010E-002  0.89953409281978103       0.20441641278560566     
   7.0699999999999999E-002  0.89924245374231693       0.20468364466472552     
   7.0800000000000002E-002  0.89895036207974777       0.20495077352739144     
   7.0900000000000005E-002  0.89865781764709429       0.20521779916346897     
   7.1000000000000008E-002  0.89836482025898123       0.20548472136248658     
   7.1099999999999997E-002  0.89807136972963653       0.20575153991363460     
   7.1199999999999999E-002  0.89777746587289042       0.20601825460576420     
   7.1300000000000002E-002  0.89748310850217494       0.20628486522738640     
   7.1400000000000005E-002  0.89718829743052309       0.20655137156667100     
   7.1500000000000008E-002  0.89689303247056829       0.20681777341144561     
   7.1599999999999997E-002  0.89659731343454341       0.20708407054919456     
   7.1700000000000000E-002  0.89630114013428031       0.20735026276705790     
   7.1800000000000003E-002  0.89600451238120893       0.20761634985183036     
   7.1900000000000006E-002  0.89570742998635666       0.20788233158996033     
   7.2000000000000008E-002  0.89540989276034755       0.20814820776754878     
   7.2099999999999997E-002  0.89511190051340161       0.20841397817034821     
   7.2200000000000000E-002  0.89481345305533411       0.20867964258376162     
   7.2300000000000003E-002  0.89451455019555481       0.20894520079284148     
   7.2400000000000006E-002  0.89421519174306729       0.20921065258228863     
   7.2500000000000009E-002  0.89391537750646810       0.20947599773645120     
   7.2599999999999998E-002  0.89361510729394611       0.20974123603932363     
   7.2700000000000001E-002  0.89331438091328164       0.21000636727454550     
   7.2800000000000004E-002  0.89301319817184588       0.21027139122540053     
   7.2900000000000006E-002  0.89271155887660014       0.21053630767481551     
   7.3000000000000009E-002  0.89240946283409495       0.21080111640535917     
   7.3099999999999998E-002  0.89210690985046948       0.21106581719924114     
   7.3200000000000001E-002  0.89180389973145069       0.21133040983831083     
   7.3300000000000004E-002  0.89150043228235254       0.21159489410405638     
   7.3400000000000007E-002  0.89119650730807531       0.21185926977760353     
   7.3500000000000010E-002  0.89089212461310474       0.21212353663971453     
   7.3599999999999999E-002  0.89058728400151144       0.21238769447078706     
   7.3700000000000002E-002  0.89028198527694991       0.21265174305085313     
   7.3800000000000004E-002  0.88997622824265799       0.21291568215957796     
   7.3900000000000007E-002  0.88967001270145596       0.21317951157625883     
   7.4000000000000010E-002  0.88936333845574578       0.21344323107982405     
   7.4099999999999999E-002  0.88905620530751028       0.21370684044883176     
   7.4200000000000002E-002  0.88874861305831254       0.21397033946146887     
   7.4300000000000005E-002  0.88844056150929496       0.21423372789554990     
   7.4400000000000008E-002  0.88813205046117849       0.21449700552851583     
   7.4499999999999997E-002  0.88782307971426200       0.21476017213743304     
   7.4600000000000000E-002  0.88751364906842123       0.21502322749899205     
   7.4700000000000003E-002  0.88720375832310816       0.21528617138950654     
   7.4800000000000005E-002  0.88689340727735033       0.21554900358491208     
   7.4900000000000008E-002  0.88658259572974984       0.21581172386076503     
   7.4999999999999997E-002  0.88627132347848259       0.21607433199224135     
   7.5100000000000000E-002  0.88595959032129756       0.21633682775413554     
   7.5200000000000003E-002  0.88564739605551601       0.21659921092085935     
   7.5300000000000006E-002  0.88533474047803062       0.21686148126644070     
   7.5400000000000009E-002  0.88502162338530477       0.21712363856452249     
   7.5499999999999998E-002  0.88470804457337160       0.21738568258836144     
   7.5600000000000001E-002  0.88439400383783329       0.21764761311082689     
   7.5700000000000003E-002  0.88407950097386023       0.21790942990439965     
   7.5800000000000006E-002  0.88376453577619030       0.21817113274117078     
   7.5900000000000009E-002  0.88344910803912780       0.21843272139284042     
   7.5999999999999998E-002  0.88313321755654284       0.21869419563071660     
   7.6100000000000001E-002  0.88281686412187055       0.21895555522571405     
   7.6200000000000004E-002  0.88250004752811007       0.21921679994835300     
   7.6300000000000007E-002  0.88218276756782388       0.21947792956875795     
   7.6400000000000010E-002  0.88186502403313682       0.21973894385665649     
   7.6499999999999999E-002  0.88154681671573543       0.21999984258137809     
   7.6600000000000001E-002  0.88122814540686700       0.22026062551185285     
   7.6700000000000004E-002  0.88090900989733878       0.22052129241661031     
   7.6800000000000007E-002  0.88058940997751711       0.22078184306377821     
   7.6900000000000010E-002  0.88026934543732671       0.22104227722108127     
   7.6999999999999999E-002  0.87994881606624953       0.22130259465583996     
   7.7100000000000002E-002  0.87962782165332420       0.22156279513496924     
   7.7200000000000005E-002  0.87930636198714507       0.22182287842497736     
   7.7300000000000008E-002  0.87898443685586125       0.22208284429196459     
   7.7400000000000010E-002  0.87866204604717602       0.22234269250162195     
   7.7499999999999999E-002  0.87833918934834565       0.22260242281922996     
   7.7600000000000002E-002  0.87801586654617880       0.22286203500965743     
   7.7700000000000005E-002  0.87769207742703548       0.22312152883736017     
   7.7800000000000008E-002  0.87736782177682626       0.22338090406637967     
   7.7899999999999997E-002  0.87704309938101144       0.22364016046034191     
   7.8000000000000000E-002  0.87671791002460020       0.22389929778245604     
   7.8100000000000003E-002  0.87639225349214955       0.22415831579551310     
   7.8200000000000006E-002  0.87606612956776364       0.22441721426188474     
   7.8300000000000008E-002  0.87573953803509275       0.22467599294352195     
   7.8399999999999997E-002  0.87541247867733241       0.22493465160195372     
   7.8500000000000000E-002  0.87508495127722263       0.22519318999828578     
   7.8600000000000003E-002  0.87475695561704703       0.22545160789319929     
   7.8700000000000006E-002  0.87442849147863178       0.22570990504694954     
   7.8800000000000009E-002  0.87409955864334477       0.22596808121936462     
   7.8899999999999998E-002  0.87377015689209470       0.22622613616984411     
   7.9000000000000001E-002  0.87344028600533030       0.22648406965735773     
   7.9100000000000004E-002  0.87310994576303935       0.22674188144044408     
   7.9200000000000007E-002  0.87277913594474776       0.22699957127720924     
   7.9300000000000009E-002  0.87244785632951871       0.22725713892532551     
   7.9399999999999998E-002  0.87211610669595163       0.22751458414203002     
   7.9500000000000001E-002  0.87178388682218133       0.22777190668412337     
   7.9600000000000004E-002  0.87145119648587721       0.22802910630796830     
   7.9700000000000007E-002  0.87111803546424216       0.22828618276948839     
   7.9800000000000010E-002  0.87078440353401176       0.22854313582416660     
   7.9899999999999999E-002  0.87045030047145344       0.22879996522704399     
   8.0000000000000002E-002  0.87011572605236531       0.22905667073271829     
   8.0100000000000005E-002  0.86978068005207532       0.22931325209534262     
   8.0200000000000007E-002  0.86944516224544044       0.22956970906862398     
   8.0300000000000010E-002  0.86910917240684560       0.22982604140582197     
   8.0399999999999999E-002  0.86877271031020276       0.23008224885974737     
   8.0500000000000002E-002  0.86843577572895003       0.23033833118276076     
   8.0600000000000005E-002  0.86809836843605070       0.23059428812677107     
   8.0700000000000008E-002  0.86776048820399232       0.23085011944323425     
   8.0800000000000011E-002  0.86742213480478569       0.23110582488315179     
   8.0900000000000000E-002  0.86708330800996403       0.23136140419706938     
   8.1000000000000003E-002  0.86674400759058179       0.23161685713507546     
   8.1100000000000005E-002  0.86640423331721395       0.23187218344679980     
   8.1200000000000008E-002  0.86606398495995485       0.23212738288141208     
   8.1299999999999997E-002  0.86572326228841734       0.23238245518762041     
   8.1400000000000000E-002  0.86538206507173177       0.23263740011366996     
   8.1500000000000003E-002  0.86504039307854508       0.23289221740734148     
   8.1600000000000006E-002  0.86469824607701973       0.23314690681594988     
   8.1700000000000009E-002  0.86435562383483278       0.23340146808634274     
   8.1799999999999998E-002  0.86401252611917490       0.23365590096489885     
   8.1900000000000001E-002  0.86366895269674948       0.23391020519752681     
   8.2000000000000003E-002  0.86332490333377143       0.23416438052966346     
   8.2100000000000006E-002  0.86298037779596637       0.23441842670627250     
   8.2200000000000009E-002  0.86263537584856953       0.23467234347184296     
   8.2299999999999998E-002  0.86228989725632488       0.23492613057038772     
   8.2400000000000001E-002  0.86194394178348399       0.23517978774544204     
   8.2500000000000004E-002  0.86159750919380518       0.23543331474006207     
   8.2600000000000007E-002  0.86125059925055236       0.23568671129682331     
   8.2700000000000010E-002  0.86090321171649409       0.23593997715781914     
   8.2799999999999999E-002  0.86055534635390252       0.23619311206465929     
   8.2900000000000001E-002  0.86020700292455254       0.23644611575846830     
   8.3000000000000004E-002  0.85985818118972057       0.23669898797988406     
   8.3100000000000007E-002  0.85950888091018363       0.23695172846905624     
   8.3200000000000010E-002  0.85915910184621835       0.23720433696564477     
   8.3299999999999999E-002  0.85880884375759980       0.23745681320881828     
   8.3400000000000002E-002  0.85845810640360065       0.23770915693725259     
   8.3500000000000005E-002  0.85810688954298997       0.23796136788912911     
   8.3600000000000008E-002  0.85775519293403235       0.23821344580213336     
   8.3700000000000011E-002  0.85740301633448668       0.23846539041345330     
   8.3799999999999999E-002  0.85705035950160524       0.23871720145977787     
   8.3900000000000002E-002  0.85669722219213262       0.23896887867729538     
   8.4000000000000005E-002  0.85634360416230471       0.23922042180169190     
   8.4100000000000008E-002  0.85598950516784744       0.23947183056814969     
   8.4200000000000011E-002  0.85563492496397608       0.23972310471134564     
   8.4300000000000000E-002  0.85527986330539385       0.23997424396544964     
   8.4400000000000003E-002  0.85492431994629103       0.24022524806412299     
   8.4500000000000006E-002  0.85456829464034390       0.24047611674051680     
   8.4600000000000009E-002  0.85421178714071355       0.24072684972727038     
   8.4699999999999998E-002  0.85385479720004487       0.24097744675650956     
   8.4800000000000000E-002  0.85349732457046557       0.24122790755984519     
   8.4900000000000003E-002  0.85313936900358500       0.24147823186837136     
   8.5000000000000006E-002  0.85278093025049306       0.24172841941266390     
   8.5100000000000009E-002  0.85242200806175905       0.24197846992277863     
   8.5199999999999998E-002  0.85206260218743080       0.24222838312824976     
   8.5300000000000001E-002  0.85170271237703332       0.24247815875808823     
   8.5400000000000004E-002  0.85134233837956796       0.24272779654078003     
   8.5500000000000007E-002  0.85098147994351114       0.24297729620428454     
   8.5600000000000009E-002  0.85062013681681314       0.24322665747603289     
   8.5699999999999998E-002  0.85025830874689734       0.24347588008292623     
   8.5800000000000001E-002  0.84989599548065875       0.24372496375133407     
   8.5900000000000004E-002  0.84953319676446304       0.24397390820709258     
   8.6000000000000007E-002  0.84916991234414552       0.24422271317550290     
   8.6100000000000010E-002  0.84880614196500992       0.24447137838132940     
   8.6199999999999999E-002  0.84844188537182719       0.24471990354879802     
   8.6300000000000002E-002  0.84807714230883458       0.24496828840159451     
   8.6400000000000005E-002  0.84771191251973421       0.24521653266286275     
   8.6500000000000007E-002  0.84734619574769232       0.24546463605520297     
   8.6600000000000010E-002  0.84697999173533778       0.24571259830067002     
   8.6699999999999999E-002  0.84661330022476111       0.24596041912077166     
   8.6800000000000002E-002  0.84624612095751328       0.24620809823646675     
   8.6900000000000005E-002  0.84587845367460457       0.24645563536816359     
   8.7000000000000008E-002  0.84551029811650347       0.24670303023571805     
   8.7100000000000011E-002  0.84514165402313546       0.24695028255843185     
   8.7200000000000000E-002  0.84477252113388190       0.24719739205505081     
   8.7300000000000003E-002  0.84440289918757894       0.24744435844376300     
   8.7400000000000005E-002  0.84403278792251613       0.24769118144219701     
   8.7500000000000008E-002  0.84366218707643537       0.24793786076742011     
   8.7599999999999997E-002  0.84329109638652977       0.24818439613593649     
   8.7700000000000000E-002  0.84291951558944245       0.24843078726368539     
   8.7800000000000003E-002  0.84254744442126528       0.24867703386603934     
   8.7900000000000006E-002  0.84217488261753770       0.24892313565780230     
   8.8000000000000009E-002  0.84180182991324570       0.24916909235320783     
   8.8099999999999998E-002  0.84142828604282049       0.24941490366591726     
   8.8200000000000001E-002  0.84105425074013729       0.24966056930901787     
   8.8300000000000003E-002  0.84067972373851418       0.24990608899502098     
   8.8400000000000006E-002  0.84030470477071084       0.25015146243586017     
   8.8500000000000009E-002  0.83992919356892737       0.25039668934288933     
   8.8599999999999998E-002  0.83955318986480310       0.25064176942688082     
   8.8700000000000001E-002  0.83917669338941536       0.25088670239802358     
   8.8800000000000004E-002  0.83879970387327818       0.25113148796592127     
   8.8900000000000007E-002  0.83842222104634123       0.25137612583959040     
   8.9000000000000010E-002  0.83804424463798843       0.25162061572745836     
   8.9099999999999999E-002  0.83766577437703671       0.25186495733736153     
   8.9200000000000002E-002  0.83728680999173488       0.25210915037654336     
   8.9300000000000004E-002  0.83690735120976245       0.25235319455165245     
   8.9400000000000007E-002  0.83652739775822815       0.25259708956874066     
   8.9500000000000010E-002  0.83614694936366896       0.25284083513326111     
   8.9599999999999999E-002  0.83576600575204862       0.25308443095006627     
   8.9700000000000002E-002  0.83538456664875649       0.25332787672340601     
   8.9800000000000005E-002  0.83500263177860623       0.25357117215692559     
   8.9900000000000008E-002  0.83462020086583455       0.25381431695366374     
   9.0000000000000011E-002  0.83423727363410005       0.25405731081605065     
   9.0100000000000000E-002  0.83385384980648170       0.25430015344590601     
   9.0200000000000002E-002  0.83346992910547779       0.25454284454443704     
   9.0300000000000005E-002  0.83308551125300467       0.25478538381223642     
   9.0400000000000008E-002  0.83270059597039525       0.25502777094928036     
   9.0500000000000011E-002  0.83231518297839790       0.25527000565492652     
   9.0600000000000000E-002  0.83192927199717503       0.25551208762791200     
   9.0700000000000003E-002  0.83154286274630196       0.25575401656635138     
   9.0800000000000006E-002  0.83115595494476535       0.25599579216773460     
   9.0900000000000009E-002  0.83076854831096214       0.25623741412892492     
   9.0999999999999998E-002  0.83038064256269817       0.25647888214615688     
   9.1100000000000000E-002  0.82999223741718675       0.25672019591503431     
   9.1200000000000003E-002  0.82960333259104746       0.25696135513052809     
   9.1300000000000006E-002  0.82921392780030478       0.25720235948697423     
   9.1400000000000009E-002  0.82882402276038691       0.25744320867807174     
   9.1499999999999998E-002  0.82843361718612418       0.25768390239688049     
   9.1600000000000001E-002  0.82804271079174785       0.25792444033581913     
   9.1700000000000004E-002  0.82765130329088876       0.25816482218666303     
   9.1800000000000007E-002  0.82725939439657603       0.25840504764054206     
   9.1900000000000009E-002  0.82686698382123569       0.25864511638793858     
   9.1999999999999998E-002  0.82647407127668926       0.25888502811868519     
   9.2100000000000001E-002  0.82608065647415241       0.25912478252196264     
   9.2200000000000004E-002  0.82568673912423374       0.25936437928629769     
   9.2300000000000007E-002  0.82529231893693322       0.25960381809956090     
   9.2400000000000010E-002  0.82489739562164088       0.25984309864896454     
   9.2499999999999999E-002  0.82450196888713545       0.26008222062106034     
   9.2600000000000002E-002  0.82410603844158292       0.26032118370173729     
   9.2700000000000005E-002  0.82370960399253534       0.26055998757621951     
   9.2800000000000007E-002  0.82331266524692925       0.26079863192906400     
   9.2900000000000010E-002  0.82291522191108424       0.26103711644415845     
   9.2999999999999999E-002  0.82251727369070171       0.26127544080471898     
   9.3100000000000002E-002  0.82211882029086347       0.26151360469328799     
   9.3200000000000005E-002  0.82171986141603026       0.26175160779173184     
   9.3300000000000008E-002  0.82132039677004032       0.26198944978123861     
   9.3400000000000011E-002  0.82092042605610804       0.26222713034231587     
   9.3500000000000000E-002  0.82051994897682246       0.26246464915478840     
   9.3600000000000003E-002  0.82011896523414585       0.26270200589779591     
   9.3700000000000006E-002  0.81971747452941246       0.26293920024979078     
   9.3800000000000008E-002  0.81931547656332682       0.26317623188853573     
   9.3900000000000011E-002  0.81891297103596239       0.26341310049110156     
   9.4000000000000000E-002  0.81850995764676027       0.26364980573386476     
   9.4100000000000003E-002  0.81810643609452749       0.26388634729250532     
   9.4200000000000006E-002  0.81770240607743572       0.26412272484200422     
   9.4300000000000009E-002  0.81729786729301990       0.26435893805664124     
   9.4399999999999998E-002  0.81689281943817649       0.26459498660999253     
   9.4500000000000001E-002  0.81648726220916235       0.26483087017492835     
   9.4600000000000004E-002  0.81608119530159295       0.26506658842361058     
   9.4700000000000006E-002  0.81567461841044109       0.26530214102749039     
   9.4800000000000009E-002  0.81526753123003526       0.26553752765730587     
   9.4899999999999998E-002  0.81485993345405838       0.26577274798307959     
   9.5000000000000001E-002  0.81445182477554612       0.26600780167411625     
   9.5100000000000004E-002  0.81404320488688553       0.26624268839900017     
   9.5200000000000007E-002  0.81363407347981331       0.26647740782559298     
   9.5300000000000010E-002  0.81322443024541458       0.26671195962103111     
   9.5399999999999999E-002  0.81281427487412117       0.26694634345172336     
   9.5500000000000002E-002  0.81240360705571024       0.26718055898334847     
   9.5600000000000004E-002  0.81199242647930270       0.26741460588085264     
   9.5700000000000007E-002  0.81158073283336174       0.26764848380844697     
   9.5800000000000010E-002  0.81116852580569110       0.26788219242960509     
   9.5899999999999999E-002  0.81075580508343370       0.26811573140706063     
   9.6000000000000002E-002  0.81034257035307011       0.26834910040280469     
   9.6100000000000005E-002  0.80992882130041699       0.26858229907808334     
   9.6200000000000008E-002  0.80951455761062552       0.26881532709339512     
   9.6300000000000011E-002  0.80909977896817975       0.26904818410848841     
   9.6400000000000000E-002  0.80868448505689516       0.26928086978235899     
   9.6500000000000002E-002  0.80826867555991699       0.26951338377324741     
   9.6600000000000005E-002  0.80785235015971879       0.26974572573863648     
   9.6700000000000008E-002  0.80743550853810075       0.26997789533524863     
   9.6800000000000011E-002  0.80701815037618818       0.27020989221904335     
   9.6900000000000000E-002  0.80660027535442980       0.27044171604521455     
   9.7000000000000003E-002  0.80618188315259631       0.27067336646818807     
   9.7100000000000006E-002  0.80576297344977876       0.27090484314161889     
   9.7200000000000009E-002  0.80534354592438684       0.27113614571838862     
   9.7300000000000011E-002  0.80492360025414722       0.27136727385060283     
   9.7400000000000000E-002  0.80450313611610214       0.27159822718958837     
   9.7500000000000003E-002  0.80408215318660770       0.27182900538589067     
   9.7600000000000006E-002  0.80366065114133223       0.27205960808927115     
   9.7700000000000009E-002  0.80323862965525461       0.27229003494870452     
   9.7799999999999998E-002  0.80281608840266272       0.27252028561237601     
   9.7900000000000001E-002  0.80239302705715176       0.27275035972767869     
   9.8000000000000004E-002  0.80196944529162262       0.27298025694121081     
   9.8100000000000007E-002  0.80154534277828005       0.27320997689877297     
   9.8200000000000010E-002  0.80112071918863126       0.27343951924536541     
   9.8299999999999998E-002  0.80069557419348414       0.27366888362518538     
   9.8400000000000001E-002  0.80026990746294568       0.27389806968162411     
   9.8500000000000004E-002  0.79984371866642012       0.27412707705726430     
   9.8600000000000007E-002  0.79941700747260735       0.27435590539387716     
   9.8700000000000010E-002  0.79898977354950129       0.27458455433241968     
   9.8799999999999999E-002  0.79856201656438808       0.27481302351303177     
   9.8900000000000002E-002  0.79813373618384453       0.27504131257503350     
   9.9000000000000005E-002  0.79770493207373627       0.27526942115692221     
   9.9100000000000008E-002  0.79727560389921615       0.27549734889636968     
   9.9200000000000010E-002  0.79684575132472235       0.27572509543021922     
   9.9299999999999999E-002  0.79641537401397688       0.27595266039448291     
   9.9400000000000002E-002  0.79598447162998376       0.27618004342433861     
   9.9500000000000005E-002  0.79555304383502734       0.27640724415412710     
   9.9600000000000008E-002  0.79512109029067046       0.27663426221734921     
   9.9700000000000011E-002  0.79468861065775276       0.27686109724666280     
   9.9800000000000000E-002  0.79425560459638889       0.27708774887387994     
   9.9900000000000003E-002  0.79382207176596675       0.27731421672996387     
  0.10000000000000001       0.79338801182514584       0.27754050044502609     
  0.10010000000000001       0.79295342443185546       0.27776659964832340     
  0.10020000000000001       0.79251830924329281       0.27799251396825486     
  0.10030000000000000       0.79208266591592136       0.27821824303235881     
  0.10040000000000000       0.79164649410546895       0.27844378646730994     
  0.10050000000000001       0.79120979346692610       0.27866914389891617     
  0.10060000000000001       0.79077256365454418       0.27889431495211564     
  0.10070000000000001       0.79033480432183345       0.27911929925097367     
  0.10080000000000000       0.78989651512156156       0.27934409641867974     
  0.10090000000000000       0.78945769570575142       0.27956870607754436     
  0.10100000000000001       0.78901834572567964       0.27979312784899596     
  0.10110000000000001       0.78857846483187455       0.28001736135357785     
  0.10120000000000000       0.78813805267411430       0.28024140621094512     
  0.10130000000000000       0.78769710890142519       0.28046526203986144     
  0.10140000000000000       0.78725563316207980       0.28068892845819599     
  0.10150000000000001       0.78681362510359509       0.28091240508292026     
  0.10160000000000001       0.78637108437273051       0.28113569153010493     
  0.10170000000000000       0.78592801061548612       0.28135878741491660     
  0.10180000000000000       0.78548440347710080       0.28158169235161468     
  0.10190000000000000       0.78504026260205029       0.28180440595354811     
  0.10200000000000001       0.78459558763404535       0.28202692783315225     
  0.10210000000000001       0.78415037821602995       0.28224925760194552     
  0.10220000000000000       0.78370463399017920       0.28247139487052625     
  0.10230000000000000       0.78325835459789761       0.28269333924856932     
  0.10240000000000000       0.78281153967981709       0.28291509034482298     
  0.10250000000000001       0.78236418887579506       0.28313664776710551     
  0.10260000000000001       0.78191630182491245       0.28335801112230186     
  0.10270000000000000       0.78146787816547192       0.28357918001636040     
  0.10280000000000000       0.78101891753499575       0.28380015405428954     
  0.10290000000000001       0.78056941957022408       0.28402093284015445     
  0.10300000000000001       0.78011938390711277       0.28424151597707364     
  0.10310000000000001       0.77966881018083167       0.28446190306721558     
  0.10320000000000000       0.77921769802576246       0.28468209371179531     
  0.10330000000000000       0.77876604707549668       0.28490208751107104     
  0.10340000000000001       0.77831385696283384       0.28512188406434075     
  0.10350000000000001       0.77786112731977952       0.28534148296993866     
  0.10360000000000001       0.77740785777754318       0.28556088382523193     
  0.10370000000000000       0.77695404796653633       0.28578008622661705     
  0.10380000000000000       0.77649969751637038       0.28599908976951638     
  0.10390000000000001       0.77604480605585480       0.28621789404837472     
  0.10400000000000001       0.77558937321299493       0.28643649865665577     
  0.10410000000000000       0.77513339861499009       0.28665490318683851     
  0.10420000000000000       0.77467688188823147       0.28687310723041376     
  0.10430000000000000       0.77421982265830014       0.28709111037788060     
  0.10440000000000001       0.77376222054996491       0.28730891221874277     
  0.10450000000000001       0.77330407518718047       0.28752651234150511     
  0.10460000000000000       0.77284538619308507       0.28774391033366986     
  0.10470000000000000       0.77238615318999870       0.28796110578173312     
  0.10480000000000000       0.77192637579942092       0.28817809827118124     
  0.10490000000000001       0.77146605364202869       0.28839488738648705     
  0.10500000000000001       0.77100518633767434       0.28861147271110626     
  0.10510000000000000       0.77054377350538361       0.28882785382747378     
  0.10520000000000000       0.77008181476335336       0.28904403031699999     
  0.10530000000000000       0.76961930972894954       0.28926000176006700     
  0.10540000000000001       0.76915625801870502       0.28947576773602496     
  0.10550000000000001       0.76869265924831753       0.28969132782318824     
  0.10560000000000000       0.76822851303264761       0.28990668159883171     
  0.10570000000000000       0.76776381898571633       0.29012182863918695     
  0.10580000000000001       0.76729857672070312       0.29033676851943840     
  0.10590000000000001       0.76683278584994374       0.29055150081371961     
  0.10600000000000001       0.76636644598492809       0.29076602509510929     
  0.10610000000000000       0.76589955673629795       0.29098034093562752     
  0.10620000000000000       0.76543211771384490       0.29119444790623189     
  0.10630000000000001       0.76496412852650808       0.29140834557681355     
  0.10640000000000001       0.76449558878237200       0.29162203351619342     
  0.10650000000000001       0.76402649808866441       0.29183551129211810     
  0.10660000000000000       0.76355685605175405       0.29204877847125604     
  0.10670000000000000       0.76308666227714839       0.29226183461919353     
  0.10680000000000001       0.76261591636949144       0.29247467930043070     
  0.10690000000000001       0.76214461793256161       0.29268731207837761     
  0.10700000000000001       0.76167276656926941       0.29289973251535018     
  0.10710000000000000       0.76120036188165507       0.29311194017256603     
  0.10720000000000000       0.76072740347088652       0.29332393461014067     
  0.10730000000000001       0.76025389093725693       0.29353571538708323     
  0.10740000000000001       0.75977982388018261       0.29374728206129247     
  0.10750000000000000       0.75930520189820061       0.29395863418955265     
  0.10760000000000000       0.75883002458896642       0.29416977132752936     
  0.10770000000000000       0.75835429154925182       0.29438069302976544     
  0.10780000000000001       0.75787800237494241       0.29459139884967678     
  0.10790000000000001       0.75740115666103547       0.29480188833954812     
  0.10800000000000000       0.75692375400163747       0.29501216105052891     
  0.10810000000000000       0.75644579398996192       0.29522221653262898     
  0.10820000000000000       0.75596727621832693       0.29543205433471437     
  0.10830000000000001       0.75548820027815289       0.29564167400450309     
  0.10840000000000001       0.75500856575996012       0.29585107508856079     
  0.10850000000000000       0.75452837225336644       0.29606025713229650     
  0.10860000000000000       0.75404761934708497       0.29626921967995823     
  0.10870000000000000       0.75356630662892166       0.29647796227462869     
  0.10880000000000001       0.75308443368577282       0.29668648445822099     
  0.10890000000000001       0.75260200010362288       0.29689478577147410     
  0.10900000000000000       0.75211900546754196       0.29710286575394862     
  0.10910000000000000       0.75163544936168336       0.29731072394402225     
  0.10920000000000001       0.75115133136928125       0.29751835987888536     
  0.10930000000000001       0.75066665107264829       0.29772577309453663     
  0.10940000000000001       0.75018140805317302       0.29793296312577838     
  0.10950000000000000       0.74969560189131756       0.29813992950621221     
  0.10960000000000000       0.74920923216661517       0.29834667176823443     
  0.10970000000000001       0.74872229845766769       0.29855318944303155     
  0.10980000000000001       0.74823480034214307       0.29875948206057568     
  0.10990000000000001       0.74774673739677300       0.29896554914961992     
  0.11000000000000000       0.74725810919735036       0.29917139023769379     
  0.11010000000000000       0.74676891531872669       0.29937700485109858     
  0.11020000000000001       0.74627915533480982       0.29958239251490271     
  0.11030000000000001       0.74578882881856123       0.29978755275293706     
  0.11040000000000001       0.74529793534199362       0.29999248508779025     
  0.11050000000000000       0.74480647447616832       0.30019718904080395     
  0.11060000000000000       0.74431444579119266       0.30040166413206809     
  0.11070000000000001       0.74382184885621760       0.30060590988041619     
  0.11080000000000001       0.74332868323943513       0.30080992580342047     
  0.11090000000000000       0.74283494850807563       0.30101371141738714     
  0.11100000000000000       0.74234064422840540       0.30121726623735146     
  0.11110000000000000       0.74184576996572404       0.30142058977707298     
  0.11120000000000001       0.74135032528436173       0.30162368154903063     
  0.11130000000000001       0.74085430974767685       0.30182654106441786     
  0.11140000000000000       0.74035772291805313       0.30202916783313766     
  0.11150000000000000       0.73986056435689718       0.30223156136379759     
  0.11160000000000000       0.73936283362463595       0.30243372116370493     
  0.11170000000000001       0.73886453028071386       0.30263564673886156     
  0.11180000000000001       0.73836565388359032       0.30283733759395909     
  0.11190000000000000       0.73786620399073699       0.30303879323237365     
  0.11200000000000000       0.73736618015863509       0.30324001315616089     
  0.11210000000000001       0.73686558194277285       0.30344099686605097     
  0.11220000000000001       0.73636440889764276       0.30364174386144338     
  0.11230000000000001       0.73586266057673877       0.30384225364040185     
  0.11240000000000000       0.73536033653255373       0.30404252569964907     
  0.11250000000000000       0.73485743631657663       0.30424255953456164     
  0.11260000000000001       0.73435395947928983       0.30444235463916480     
  0.11270000000000001       0.73384990557016638       0.30464191050612721     
  0.11280000000000001       0.73334527413766726       0.30484122662675567     
  0.11290000000000000       0.73284006472923868       0.30504030249098985     
  0.11300000000000000       0.73233427689130914       0.30523913758739701     
  0.11310000000000001       0.73182791016928683       0.30543773140316660     
  0.11320000000000001       0.73132096410755676       0.30563608342410492     
  0.11330000000000001       0.73081343824947809       0.30583419313462978     
  0.11340000000000000       0.73030533213738114       0.30603206001776501     
  0.11350000000000000       0.72979664531256461       0.30622968355513508     
  0.11360000000000001       0.72928737731529292       0.30642706322695962     
  0.11370000000000001       0.72877752768479320       0.30662419851204792     
  0.11380000000000001       0.72826709595925254       0.30682108888779336     
  0.11390000000000000       0.72775608167581507       0.30701773383016795     
  0.11400000000000000       0.72724448437057920       0.30721413281371673     
  0.11410000000000001       0.72673230357859464       0.30741028531155218     
  0.11420000000000001       0.72621953883385948       0.30760619079534851     
  0.11430000000000000       0.72570618966931744       0.30780184873533611     
  0.11440000000000000       0.72519225561685485       0.30799725860029581     
  0.11450000000000000       0.72467773620729781       0.30819241985755319     
  0.11460000000000001       0.72416263097040923       0.30838733197297286     
  0.11470000000000001       0.72364693943488578       0.30858199441095269     
  0.11480000000000000       0.72313066112835522       0.30877640663441797     
  0.11490000000000000       0.72261379557737315       0.30897056810481560     
  0.11500000000000000       0.72209634230742015       0.30916447828210830     
  0.11510000000000001       0.72157830084289876       0.30935813662476869     
  0.11520000000000001       0.72105967070713062       0.30955154258977335     
  0.11530000000000000       0.72054045142235335       0.30974469563259693     
  0.11540000000000000       0.72002064250971753       0.30993759520720615     
  0.11550000000000001       0.71950024348928376       0.31013024076605383     
  0.11560000000000001       0.71897925388001949       0.31032263176007285     
  0.11570000000000001       0.71845767319979614       0.31051476763867014     
  0.11580000000000000       0.71793550096538594       0.31070664784972052     
  0.11590000000000000       0.71741273669245886       0.31089827183956059     
  0.11600000000000001       0.71688937989557955       0.31108963905298265     
  0.11610000000000001       0.71636543008820430       0.31128074893322849     
  0.11620000000000001       0.71584088678267788       0.31147160092198317     
  0.11630000000000000       0.71531574949023036       0.31166219445936877     
  0.11640000000000000       0.71479001772097417       0.31185252898393817     
  0.11650000000000001       0.71426369098390075       0.31204260393266869     
  0.11660000000000001       0.71373676878687753       0.31223241874095581     
  0.11670000000000001       0.71320925063664475       0.31242197284260681     
  0.11680000000000000       0.71268113603881234       0.31261126566983433     
  0.11690000000000000       0.71215242449785665       0.31280029665324999     
  0.11700000000000001       0.71162311551711732       0.31298906522185788     
  0.11710000000000001       0.71109320859879399       0.31317757080304814     
  0.11720000000000001       0.71056270324394311       0.31336581282259035     
  0.11730000000000000       0.71003159895247481       0.31355379070462702     
  0.11740000000000000       0.70949989522314949       0.31374150387166705     
  0.11750000000000001       0.70896759155357481       0.31392895174457902     
  0.11760000000000001       0.70843468744020222       0.31411613374258457     
  0.11770000000000000       0.70790118237832367       0.31430304928325170     
  0.11780000000000000       0.70736707586206848       0.31448969778248809     
  0.11790000000000000       0.70683236738439992       0.31467607865453429     
  0.11800000000000001       0.70629705643711194       0.31486219131195692     
  0.11810000000000001       0.70576114251082589       0.31504803516564189     
  0.11820000000000000       0.70522462509498707       0.31523360962478758     
  0.11830000000000000       0.70468750367786148       0.31541891409689782     
  0.11840000000000001       0.70414977774653242       0.31560394798777502     
  0.11850000000000001       0.70361144678689702       0.31578871070151326     
  0.11860000000000001       0.70307251028366302       0.31597320164049125     
  0.11870000000000000       0.70253296772034535       0.31615742020536525     
  0.11880000000000000       0.70199281857926266       0.31634136579506206     
  0.11890000000000001       0.70145206234153390       0.31652503780677188     
  0.11900000000000001       0.70091069848707488       0.31670843563594114     
  0.11910000000000001       0.70036872649459481       0.31689155867626539     
  0.11920000000000000       0.69982614584159286       0.31707440631968198     
  0.11930000000000000       0.69928295600435464       0.31725697795636287     
  0.11940000000000001       0.69873915645794882       0.31743927297470742     
  0.11950000000000001       0.69819474667622361       0.31762129076133488     
  0.11960000000000001       0.69764972613180321       0.31780303070107718     
  0.11970000000000000       0.69710409429608422       0.31798449217697139     
  0.11980000000000000       0.69655785063923215       0.31816567457025241     
  0.11990000000000001       0.69601099463017790       0.31834657726034538     
  0.12000000000000001       0.69546352573661419       0.31852719962485820     
  0.12010000000000001       0.69491544342499201       0.31870754103957405     
  0.12020000000000000       0.69436674716051694       0.31888760087844364     
  0.12030000000000000       0.69381743640714555       0.31906737851357769     
  0.12040000000000001       0.69326751062758185       0.31924687331523915     
  0.12050000000000001       0.69271696928327364       0.31942608465183558     
  0.12060000000000000       0.69216581183440895       0.31960501188991136     
  0.12070000000000000       0.69161403773991215       0.31978365439413986     
  0.12080000000000000       0.69106164645744050       0.31996201152731563     
  0.12090000000000001       0.69050863744338031       0.32014008265034649     
  0.12100000000000001       0.68995501015284344       0.32031786712224569     
  0.12110000000000000       0.68940076403966333       0.32049536430012382     
  0.12120000000000000       0.68884589855639144       0.32067257353918094     
  0.12130000000000001       0.68829041315429351       0.32084949419269848     
  0.12140000000000001       0.68773430728334572       0.32102612561203109     
  0.12150000000000001       0.68717758039223098       0.32120246714659861     
  0.12160000000000000       0.68662023192833521       0.32137851814387786     
  0.12170000000000000       0.68606226133774340       0.32155427794939434     
  0.12180000000000001       0.68550366806523588       0.32172974590671410     
  0.12190000000000001       0.68494445155428452       0.32190492135743537     
  0.12200000000000001       0.68438461124704875       0.32207980364118022     
  0.12210000000000000       0.68382414658437196       0.32225439209558621     
  0.12220000000000000       0.68326305700577739       0.32242868605629788     
  0.12230000000000001       0.68270134194946430       0.32260268485695831     
  0.12240000000000001       0.68213900085230428       0.32277638782920060     
  0.12250000000000001       0.68157603314983706       0.32294979430263926     
  0.12260000000000000       0.68101243827626678       0.32312290360486168     
  0.12270000000000000       0.68044821566445790       0.32329571506141935     
  0.12280000000000001       0.67988336474593136       0.32346822799581926     
  0.12290000000000001       0.67931788495086054       0.32364044172951512     
  0.12300000000000001       0.67875177570806733       0.32381235558189847     
  0.12310000000000000       0.67818503644501804       0.32398396887028996     
  0.12320000000000000       0.67761766658781952       0.32415528090993040     
  0.12330000000000001       0.67704966556121504       0.32432629101397181     
  0.12340000000000001       0.67648103278858029       0.32449699849346841     
  0.12350000000000001       0.67591176769191930       0.32466740265736760     
  0.12360000000000000       0.67534186969186039       0.32483750281250090     
  0.12370000000000000       0.67477133820765201       0.32500729826357477     
  0.12380000000000001       0.67420017265715870       0.32517678831316144     
  0.12390000000000001       0.67362837245685692       0.32534597226168971     
  0.12400000000000000       0.67305593702183097       0.32551484940743558     
  0.12410000000000000       0.67248286576576877       0.32568341904651305     
  0.12420000000000000       0.67190915810095775       0.32585168047286456     
  0.12430000000000001       0.67133481343828072       0.32601963297825171     
  0.12440000000000001       0.67075983118721150       0.32618727585224566     
  0.12450000000000000       0.67018421075581092       0.32635460838221764     
  0.12460000000000000       0.66960795155072239       0.32652162985332933     
  0.12470000000000001       0.66903105297716781       0.32668833954852333     
  0.12480000000000001       0.66845351443894330       0.32685473674851329     
  0.12490000000000001       0.66787533533841481       0.32702082073177430     
  0.12500000000000000       0.66729651507651389       0.32718659077453299     
  0.12510000000000002       0.66671705305273332       0.32735204615075775     
  0.12520000000000001       0.66613694866512285       0.32751718613214881     
  0.12529999999999999       0.66555620131028492       0.32768200998812819     
  0.12540000000000001       0.66497481038337014       0.32784651698582978     
  0.12550000000000000       0.66439277527807317       0.32801070639008928     
  0.12560000000000002       0.66381009538662794       0.32817457746343398     
  0.12570000000000001       0.66322677009980369       0.32833812946607260     
  0.12580000000000000       0.66264279880690014       0.32850136165588512     
  0.12590000000000001       0.66205818089574331       0.32866427328841241     
  0.12600000000000000       0.66147291575268108       0.32882686361684593     
  0.12610000000000002       0.66088700276257850       0.32898913189201723     
  0.12620000000000001       0.66030044130881349       0.32915107736238758     
  0.12630000000000000       0.65971323077327215       0.32931269927403739     
  0.12640000000000001       0.65912537053634446       0.32947399687065565     
  0.12650000000000000       0.65853685997691958       0.32963496939352926     
  0.12660000000000002       0.65794769847238133       0.32979561608153235     
  0.12670000000000001       0.65735788539860374       0.32995593617111552     
  0.12680000000000000       0.65676742012994616       0.33011592889629499     
  0.12690000000000001       0.65617630203924893       0.33027559348864172     
  0.12700000000000000       0.65558453049782861       0.33043492917727052     
  0.12710000000000002       0.65499210487547344       0.33059393518882896     
  0.12720000000000001       0.65439902454043852       0.33075261074748635     
  0.12730000000000000       0.65380528885944134       0.33091095507492269     
  0.12740000000000001       0.65321089719765690       0.33106896739031733     
  0.12750000000000000       0.65261584891871305       0.33122664691033782     
  0.12760000000000002       0.65202014338468572       0.33138399284912851     
  0.12770000000000001       0.65142377995609435       0.33154100441829926     
  0.12780000000000000       0.65082675799189682       0.33169768082691398     
  0.12790000000000001       0.65022907684948494       0.33185402128147906     
  0.12800000000000000       0.64963073588467946       0.33201002498593185     
  0.12810000000000002       0.64903173445172535       0.33216569114162903     
  0.12820000000000001       0.64843207190328700       0.33232101894733479     
  0.12830000000000000       0.64783174759044315       0.33247600759920926     
  0.12840000000000001       0.64723076086268228       0.33263065629079647     
  0.12850000000000000       0.64662911106789744       0.33278496421301257     
  0.12860000000000002       0.64602679755238157       0.33293893055413382     
  0.12870000000000001       0.64542381966082241       0.33309255449978453     
  0.12880000000000000       0.64482017673629766       0.33324583523292500     
  0.12890000000000001       0.64421586812026999       0.33339877193383927     
  0.12900000000000000       0.64361089315258191       0.33355136378012290     
  0.12909999999999999       0.64300525117145102       0.33370360994667070     
  0.12920000000000001       0.64239894151346477       0.33385550960566429     
  0.12930000000000000       0.64179196351357537       0.33400706192655966     
  0.12940000000000002       0.64118431650509500       0.33415826607607457     
  0.12950000000000000       0.64057599981969038       0.33430912121817608     
  0.12959999999999999       0.63996701278737800       0.33445962651406774     
  0.12970000000000001       0.63935735473651878       0.33460978112217693     
  0.12980000000000000       0.63874702499381297       0.33475958419814200     
  0.12990000000000002       0.63813602288429505       0.33490903489479940     
  0.13000000000000000       0.63752434773132849       0.33505813236217064     
  0.13009999999999999       0.63691199885660044       0.33520687574744928     
  0.13020000000000001       0.63629897558011683       0.33535526419498785     
  0.13030000000000000       0.63568527722019685       0.33550329684628460     
  0.13040000000000002       0.63507090309346770       0.33565097283997031     
  0.13050000000000000       0.63445585251485948       0.33579829131179478     
  0.13059999999999999       0.63384012479759966       0.33594525139461351     
  0.13070000000000001       0.63322371925320808       0.33609185221837418     
  0.13080000000000000       0.63260663519149130       0.33623809291010304     
  0.13090000000000002       0.63198887192053732       0.33638397259389130     
  0.13100000000000001       0.63137042874671034       0.33652949039088131     
  0.13109999999999999       0.63075130497464527       0.33667464541925279     
  0.13120000000000001       0.63013149990724227       0.33681943679420884     
  0.13130000000000000       0.62951101284566124       0.33696386362796205     
  0.13140000000000002       0.62888984308931661       0.33710792502972037     
  0.13150000000000001       0.62826798993587163       0.33725162010567300     
  0.13159999999999999       0.62764545268123295       0.33739494795897607     
  0.13170000000000001       0.62702223061954510       0.33753790768973840     
  0.13180000000000000       0.62639832304318488       0.33768049839500708     
  0.13190000000000002       0.62577372924275587       0.33782271916875289     
  0.13200000000000001       0.62514844850708284       0.33796456910185591     
  0.13210000000000000       0.62452248012320621       0.33810604728209065     
  0.13220000000000001       0.62389582337637617       0.33824715279411138     
  0.13230000000000000       0.62326847755004722       0.33838788471943737     
  0.13240000000000002       0.62264044192587253       0.33852824213643784     
  0.13250000000000001       0.62201171578369818       0.33866822412031700     
  0.13260000000000000       0.62138229840155745       0.33880782974309892     
  0.13270000000000001       0.62075218905566509       0.33894705807361242     
  0.13280000000000000       0.62012138702041164       0.33908590817747564     
  0.13290000000000002       0.61948989156835743       0.33922437911708075     
  0.13300000000000001       0.61885770197022694       0.33936246995157854     
  0.13310000000000000       0.61822481749490299       0.33950017973686275     
  0.13320000000000001       0.61759123740942090       0.33963750752555444     
  0.13330000000000000       0.61695696097896258       0.33977445236698622     
  0.13340000000000002       0.61632198746685063       0.33991101330718648     
  0.13350000000000001       0.61568631613454250       0.34004718938886341     
  0.13360000000000000       0.61504994624162446       0.34018297965138894     
  0.13370000000000001       0.61441287704580572       0.34031838313078261     
  0.13380000000000000       0.61377510780291233       0.34045339885969539     
  0.13390000000000002       0.61313663776688143       0.34058802586739328     
  0.13400000000000001       0.61249746618975498       0.34072226317974097     
  0.13410000000000000       0.61185759232167380       0.34085610981918518     
  0.13420000000000001       0.61121701541087159       0.34098956480473813     
  0.13430000000000000       0.61057573470366866       0.34112262715196079     
  0.13440000000000002       0.60993374944446599       0.34125529587294601     
  0.13450000000000001       0.60929105887573898       0.34138756997630165     
  0.13460000000000000       0.60864766223803135       0.34151944846713350     
  0.13470000000000001       0.60800355876994894       0.34165093034702815     
  0.13480000000000000       0.60735874770815357       0.34178201461403573     
  0.13490000000000002       0.60671322828735663       0.34191270026265258     
  0.13500000000000001       0.60606699974031308       0.34204298628380375     
  0.13510000000000000       0.60542006129781500       0.34217287166482546     
  0.13520000000000001       0.60477241218868527       0.34230235538944742     
  0.13530000000000000       0.60412405163977134       0.34243143643777507     
  0.13540000000000002       0.60347497887593893       0.34256011378627166     
  0.13550000000000001       0.60282519312006555       0.34268838640774019     
  0.13560000000000000       0.60217469359303410       0.34281625327130544     
  0.13570000000000002       0.60152347951372653       0.34294371334239560     
  0.13580000000000000       0.60087155009901738       0.34307076558272392     
  0.13589999999999999       0.60021890456376736       0.34319740895027040     
  0.13600000000000001       0.59956554212081670       0.34332364239926311     
  0.13610000000000000       0.59891146198097889       0.34344946488015954     
  0.13620000000000002       0.59825666335303385       0.34357487533962777     
  0.13630000000000000       0.59760114544372167       0.34369987272052754     
  0.13639999999999999       0.59694490745773576       0.34382445596189126     
  0.13650000000000001       0.59628794859771639       0.34394862399890486     
  0.13660000000000000       0.59563026806424402       0.34407237576288840     
  0.13670000000000002       0.59497186505583266       0.34419571018127687     
  0.13680000000000000       0.59431273876892321       0.34431862617760045     
  0.13689999999999999       0.59365288839787667       0.34444112267146504     
  0.13700000000000001       0.59299231313496747       0.34456319857853240     
  0.13710000000000000       0.59233101217037665       0.34468485281050032     
  0.13720000000000002       0.59166898469218521       0.34480608427508253     
  0.13730000000000001       0.59100622988636720       0.34492689187598857     
  0.13739999999999999       0.59034274693678290       0.34504727451290362     
  0.13750000000000001       0.58967853502517187       0.34516723108146796     
  0.13760000000000000       0.58901359333114633       0.34528676047325657     
  0.13770000000000002       0.58834792103218403       0.34540586157575837     
  0.13780000000000001       0.58768151730362128       0.34552453327235544     
  0.13789999999999999       0.58701438131864625       0.34564277444230218     
  0.13800000000000001       0.58634651224829171       0.34576058396070419     
  0.13810000000000000       0.58567790926142815       0.34587796069849708     
  0.13820000000000002       0.58500857152475683       0.34599490352242518     
  0.13830000000000001       0.58433849820280259       0.34611141129502004     
  0.13840000000000000       0.58366768845790673       0.34622748287457883     
  0.13850000000000001       0.58299614145022005       0.34634311711514260     
  0.13860000000000000       0.58232385633769557       0.34645831286647444     
  0.13870000000000002       0.58165083227608150       0.34657306897403745     
  0.13880000000000001       0.58097706841891394       0.34668738427897255     
  0.13890000000000000       0.58030256391750967       0.34680125761807618     
  0.13900000000000001       0.57962731792095901       0.34691468782377788     
  0.13910000000000000       0.57895132957611839       0.34702767372411769     
  0.13920000000000002       0.57827459802760317       0.34714021414272334     
  0.13930000000000001       0.57759712241778038       0.34725230789878747     
  0.13940000000000000       0.57691890188676132       0.34736395380704455     
  0.13950000000000001       0.57623993557239406       0.34747515067774770     
  0.13960000000000000       0.57556022261025619       0.34758589731664535     
  0.13970000000000002       0.57487976213364733       0.34769619252495770     
  0.13980000000000001       0.57419855327358171       0.34780603509935315     
  0.13990000000000000       0.57351659515878062       0.34791542383192448     
  0.14000000000000001       0.57283388691566506       0.34802435751016492     
  0.14010000000000000       0.57215042766834801       0.34813283491694397     
  0.14020000000000002       0.57146621653862706       0.34824085483048323     
  0.14030000000000001       0.57078125264597668       0.34834841602433186     
  0.14040000000000000       0.57009553510754063       0.34845551726734214     
  0.14050000000000001       0.56940906303812444       0.34856215732364459     
  0.14060000000000000       0.56872183555018763       0.34866833495262312     
  0.14070000000000002       0.56803385175383592       0.34877404890888991     
  0.14080000000000001       0.56734511075681382       0.34887929794226019     
  0.14090000000000000       0.56665561166449652       0.34898408079772686     
  0.14100000000000001       0.56596535357988242       0.34908839621543486     
  0.14110000000000000       0.56527433560358509       0.34919224293065548     
  0.14120000000000002       0.56458255683382563       0.34929561967376038     
  0.14130000000000001       0.56389001636642466       0.34939852517019554     
  0.14140000000000000       0.56319671329479448       0.34950095814045495     
  0.14150000000000001       0.56250264670993122       0.34960291730005422     
  0.14160000000000000       0.56180781570040683       0.34970440135950392     
  0.14170000000000002       0.56111221935236122       0.34980540902428287     
  0.14180000000000001       0.56041585674949412       0.34990593899481098     
  0.14190000000000000       0.55971872697305713       0.35000598996642229     
  0.14200000000000002       0.55902082910184570       0.35010556062933751     
  0.14210000000000000       0.55832216221219089       0.35020464966863651     
  0.14219999999999999       0.55762272537795154       0.35030325576423071     
  0.14230000000000001       0.55692251767050593       0.35040137759083506     
  0.14240000000000000       0.55622153815874364       0.35049901381793996     
  0.14250000000000002       0.55551978590905737       0.35059616310978309     
  0.14260000000000000       0.55481725998533482       0.35069282412532088     
  0.14269999999999999       0.55411395944895037       0.35078899551819986     
  0.14280000000000001       0.55340988335875685       0.35088467593672779     
  0.14290000000000000       0.55270503077107713       0.35097986402384457     
  0.14300000000000002       0.55199940073969589       0.35107455841709306     
  0.14310000000000000       0.55129299231585116       0.35116875774858963     
  0.14319999999999999       0.55058580454822614       0.35126246064499450     
  0.14330000000000001       0.54987783648294053       0.35135566572748184     
  0.14340000000000000       0.54916908716354229       0.35144837161170978     
  0.14350000000000002       0.54845955563099913       0.35154057690779017     
  0.14360000000000001       0.54774924092368993       0.35163228022025800     
  0.14369999999999999       0.54703814207739632       0.35172348014804078     
  0.14380000000000001       0.54632625812529401       0.35181417528442771     
  0.14390000000000000       0.54561358809794425       0.35190436421703847     
  0.14400000000000002       0.54490013102328527       0.35199404552779195     
  0.14410000000000001       0.54418588592662376       0.35208321779287477     
  0.14419999999999999       0.54347085183062593       0.35217187958270940     
  0.14430000000000001       0.54275502775530893       0.35226002946192231     
  0.14440000000000000       0.54203841271803221       0.35234766598931166     
  0.14450000000000002       0.54132100573348874       0.35243478771781500     
  0.14460000000000001       0.54060280581369602       0.35252139319447651     
  0.14470000000000000       0.53988381196798763       0.35260748096041422     
  0.14480000000000001       0.53916402320300416       0.35269304955078690     
  0.14490000000000000       0.53844343852268450       0.35277809749476063     
  0.14500000000000002       0.53772205692825681       0.35286262331547535     
  0.14510000000000001       0.53699987741822952       0.35294662553001099     
  0.14520000000000000       0.53627689898838271       0.35303010264935342     
  0.14530000000000001       0.53555312063175886       0.35311305317836023     
  0.14540000000000000       0.53482854133865387       0.35319547561572617     
  0.14550000000000002       0.53410316009660819       0.35327736845394841     
  0.14560000000000001       0.53337697589039768       0.35335873017929148     
  0.14570000000000000       0.53264998770202443       0.35343955927175208     
  0.14580000000000001       0.53192219451070777       0.35351985420502352     
  0.14590000000000000       0.53119359529287502       0.35359961344646001     
  0.14600000000000002       0.53046418902215253       0.35367883545704060     
  0.14610000000000001       0.52973397466935623       0.35375751869133287     
  0.14620000000000000       0.52900295120248253       0.35383566159745655     
  0.14630000000000001       0.52827111758669898       0.35391326261704664     
  0.14640000000000000       0.52753847278433519       0.35399032018521637     
  0.14650000000000002       0.52680501575487337       0.35406683273051986     
  0.14660000000000001       0.52607074545493904       0.35414279867491455     
  0.14670000000000000       0.52533566083829153       0.35421821643372337     
  0.14680000000000001       0.52459976085581483       0.35429308441559665     
  0.14690000000000000       0.52386304445550802       0.35436740102247366     
  0.14700000000000002       0.52312551058247592       0.35444116464954395     
  0.14710000000000001       0.52238715817891945       0.35451437368520844     
  0.14720000000000000       0.52164798618412644       0.35458702651104013     
  0.14730000000000001       0.52090799353446171       0.35465912150174456     
  0.14740000000000000       0.52016717916335786       0.35473065702512013     
  0.14750000000000002       0.51942554200130553       0.35480163144201793     
  0.14760000000000001       0.51868308097584370       0.35487204310630127     
  0.14770000000000000       0.51793979501155030       0.35494189036480517     
  0.14780000000000001       0.51719568303003238       0.35501117155729528     
  0.14790000000000000       0.51645074394991652       0.35507988501642668     
  0.14800000000000002       0.51570497668683912       0.35514802906770221     
  0.14810000000000001       0.51495838015343653       0.35521560202943070     
  0.14820000000000000       0.51421095325933552       0.35528260221268471     
  0.14830000000000002       0.51346269491114327       0.35534902792125805     
  0.14840000000000000       0.51271360401243760       0.35541487745162298     
  0.14850000000000002       0.51196367946375720       0.35548014909288711     
  0.14860000000000001       0.51121292016259179       0.35554484112674989     
  0.14870000000000000       0.51046132500337216       0.35560895182745894     
  0.14880000000000002       0.50970889287746024       0.35567247946176594     
  0.14890000000000000       0.50895562267313932       0.35573542228888222     
  0.14899999999999999       0.50820151327560381       0.35579777856043399     
  0.14910000000000001       0.50744656356694950       0.35585954652041735     
  0.14920000000000000       0.50669077242616356       0.35592072440515277     
  0.14930000000000002       0.50593413872911419       0.35598131044323944     
  0.14940000000000001       0.50517666134854089       0.35604130285550917     
  0.14949999999999999       0.50441833915404433       0.35610069985497989     
  0.14960000000000001       0.50365917101207602       0.35615949964680899     
  0.14970000000000000       0.50289915578592848       0.35621770042824608     
  0.14980000000000002       0.50213829233572482       0.35627530038858563     
  0.14990000000000001       0.50137657951840864       0.35633229770911906     
  0.14999999999999999       0.50061401618773393       0.35638869056308653     
  0.15010000000000001       0.49985060119425484       0.35644447711562843     
  0.15020000000000000       0.49908633338531527       0.35649965552373647     
  0.15030000000000002       0.49832121160503878       0.35655422393620434     
  0.15040000000000001       0.49755523469431823       0.35660818049357806     
  0.15049999999999999       0.49678840149080544       0.35666152332810591     
  0.15060000000000001       0.49602071082890092       0.35671425056368805     
  0.15070000000000000       0.49525216153974344       0.35676636031582570     
  0.15080000000000002       0.49448275245119977       0.35681785069157002     
  0.15090000000000001       0.49371248238785415       0.35686871978947038     
  0.15100000000000000       0.49294135017099799       0.35691896569952247     
  0.15110000000000001       0.49216935461861944       0.35696858650311597     
  0.15120000000000000       0.49139649454539280       0.35701758027298164     
  0.15130000000000002       0.49062276876266819       0.35706594507313827     
  0.15140000000000001       0.48984817607846098       0.35711367895883911     
  0.15150000000000000       0.48907271529744134       0.35716077997651774     
  0.15160000000000001       0.48829638522092367       0.35720724616373378     
  0.15170000000000000       0.48751918464685606       0.35725307554911795     
  0.15180000000000002       0.48674111236980977       0.35729826615231691     
  0.15190000000000001       0.48596216718096857       0.35734281598393752     
  0.15200000000000000       0.48518234786811820       0.35738672304549074     
  0.15210000000000001       0.48440165321563577       0.35742998532933506     
  0.15220000000000000       0.48362008200447909       0.35747260081861953     
  0.15230000000000002       0.48283763301217603       0.35751456748722632     
  0.15240000000000001       0.48205430501281388       0.35755588329971283     
  0.15250000000000000       0.48127009677702870       0.35759654621125336     
  0.15260000000000001       0.48048500707199460       0.35763655416758033     
  0.15270000000000000       0.47969903466141300       0.35767590510492503     
  0.15280000000000002       0.47891217830550198       0.35771459694995783     
  0.15290000000000001       0.47812443676098554       0.35775262761972815     
  0.15300000000000000       0.47733580878108289       0.35778999502160364     
  0.15310000000000001       0.47654629311549762       0.35782669705320913     
  0.15320000000000000       0.47575588851040701       0.35786273160236504     
  0.15330000000000002       0.47496459370845123       0.35789809654702520     
  0.15340000000000001       0.47417240744872258       0.35793278975521425     
  0.15350000000000000       0.47337932846675462       0.35796680908496464     
  0.15360000000000001       0.47258535549451147       0.35800015238425298     
  0.15370000000000000       0.47179048726037698       0.35803281749093585     
  0.15380000000000002       0.47099472248914381       0.35806480223268539     
  0.15390000000000001       0.47019805990200275       0.35809610442692397     
  0.15400000000000000       0.46940049821653185       0.35812672188075872     
  0.15410000000000001       0.46860203614668550       0.35815665239091526     
  0.15420000000000000       0.46780267240278367       0.35818589374367099     
  0.15430000000000002       0.46700240569150109       0.35821444371478789     
  0.15440000000000001       0.46620123471585634       0.35824230006944474     
  0.15450000000000000       0.46539915817520100       0.35826946056216880     
  0.15460000000000002       0.46459617476520876       0.35829592293676688     
  0.15470000000000000       0.46379228317786464       0.35832168492625605     
  0.15480000000000002       0.46298748210145413       0.35834674425279350     
  0.15490000000000001       0.46218177022055229       0.35837109862760608     
  0.15500000000000000       0.46137514621601294       0.35839474575091906     
  0.15510000000000002       0.46056760876495773       0.35841768331188456     
  0.15520000000000000       0.45975915654076532       0.35843990898850919     
  0.15529999999999999       0.45894978821306054       0.35846142044758117     
  0.15540000000000001       0.45813950244770352       0.35848221534459684     
  0.15550000000000000       0.45732829790677892       0.35850229132368661     
  0.15560000000000002       0.45651617324858501       0.35852164601754027     
  0.15570000000000001       0.45570312712762284       0.35854027704733171     
  0.15579999999999999       0.45488915819458547       0.35855818202264295     
  0.15590000000000001       0.45407426509634718       0.35857535854138761     
  0.15600000000000000       0.45325844647595254       0.35859180418973385     
  0.15610000000000002       0.45244170097260572       0.35860751654202644     
  0.15620000000000001       0.45162402722165973       0.35862249316070832     
  0.15629999999999999       0.45080542385460554       0.35863673159624160     
  0.15640000000000001       0.44998588949906138       0.35865022938702767     
  0.15650000000000000       0.44916542277876204       0.35866298405932689     
  0.15660000000000002       0.44834402231354809       0.35867499312717743     
  0.15670000000000001       0.44752168671935516       0.35868625409231353     
  0.15679999999999999       0.44669841460820331       0.35869676444408305     
  0.15690000000000001       0.44587420458818633       0.35870652165936434     
  0.15700000000000000       0.44504905526346106       0.35871552320248246     
  0.15710000000000002       0.44422296523423677       0.35872376652512450     
  0.15720000000000001       0.44339593309676456       0.35873124906625453     
  0.15730000000000000       0.44256795744332678       0.35873796825202747     
  0.15740000000000001       0.44173903686222649       0.35874392149570250     
  0.15750000000000000       0.44090916993777690       0.35874910619755562     
  0.15760000000000002       0.44007835525029088       0.35875351974479147     
  0.15770000000000001       0.43924659137607047       0.35875715951145437     
  0.15780000000000000       0.43841387688739647       0.35876002285833880     
  0.15790000000000001       0.43758021035251798       0.35876210713289891     
  0.15800000000000000       0.43674559033564209       0.35876340966915732     
  0.15810000000000002       0.43591001539692348       0.35876392778761312     
  0.15820000000000001       0.43507348409245417       0.35876365879514921     
  0.15830000000000000       0.43423599497425319       0.35876259998493870     
  0.15840000000000001       0.43339754659025642       0.35876074863635055     
  0.15850000000000000       0.43255813748430633       0.35875810201485436     
  0.15860000000000002       0.43171776619614194       0.35875465737192458     
  0.15870000000000001       0.43087643126138864       0.35875041194494350     
  0.15880000000000000       0.43003413121154821       0.35874536295710374     
  0.15890000000000001       0.42919086457398875       0.35873950761730972     
  0.15900000000000000       0.42834662987193478       0.35873284312007836     
  0.15910000000000002       0.42750142562445737       0.35872536664543891     
  0.15920000000000001       0.42665525034646418       0.35871707535883179     
  0.15930000000000000       0.42580810254868984       0.35870796641100677     
  0.15940000000000001       0.42495998073768609       0.35869803693792007     
  0.15950000000000000       0.42411088341581221       0.35868728406063061     
  0.15960000000000002       0.42326080908122532       0.35867570488519546     
  0.15970000000000001       0.42240975622787086       0.35866329650256423     
  0.15980000000000000       0.42155772334547320       0.35865005598847266     
  0.15990000000000001       0.42070470891952616       0.35863598040333516     
  0.16000000000000000       0.41985071143128366       0.35862106679213651     
  0.16010000000000002       0.41899572935775053       0.35860531218432251     
  0.16020000000000001       0.41813976117167329       0.35858871359368971     
  0.16030000000000000       0.41728280534153100       0.35857126801827416     
  0.16040000000000001       0.41642486033152631       0.35855297244023920     
  0.16050000000000000       0.41556592460157643       0.35853382382576232     
  0.16060000000000002       0.41470599660730434       0.35851381912492075     
  0.16070000000000001       0.41384507480003002       0.35849295527157637     
  0.16080000000000000       0.41298315762676174       0.35847122918325935     
  0.16090000000000002       0.41212024353018745       0.35844863776105085     
  0.16100000000000000       0.41125633094866632       0.35842517788946465     
  0.16110000000000002       0.41039141831622034       0.35840084643632780     
  0.16120000000000001       0.40952550406252602       0.35837564025266005     
  0.16130000000000000       0.40865858661290622       0.35834955617255232     
  0.16140000000000002       0.40779066438832201       0.35832259101304398     
  0.16150000000000000       0.40692173580536484       0.35829474157399915     
  0.16160000000000002       0.40605179927624852       0.35826600463798175     
  0.16170000000000001       0.40518085320880159       0.35823637697012944     
  0.16180000000000000       0.40430889600645964       0.35820585531802651     
  0.16190000000000002       0.40343592606825784       0.35817443641157554     
  0.16200000000000001       0.40256194178882354       0.35814211696286791     
  0.16209999999999999       0.40168694155836909       0.35810889366605314     
  0.16220000000000001       0.40081092376268468       0.35807476319720705     
  0.16230000000000000       0.39993388678313135       0.35803972221419861     
  0.16240000000000002       0.39905582899663422       0.35800376735655570     
  0.16250000000000001       0.39817674877567577       0.35796689524532960     
  0.16259999999999999       0.39729664448828927       0.35792910248295823     
  0.16270000000000001       0.39641551449805246       0.35789038565312814     
  0.16280000000000000       0.39553335716408128       0.35785074132063521     
  0.16290000000000002       0.39465017084102377       0.35781016603124399     
  0.16300000000000001       0.39376595387905422       0.35776865631154592     
  0.16309999999999999       0.39288070462386737       0.35772620866881605     
  0.16320000000000001       0.39199442141667290       0.35768281959086862     
  0.16330000000000000       0.39110710259418996       0.35763848554591104     
  0.16340000000000002       0.39021874648864202       0.35759320298239683     
  0.16350000000000001       0.38932935142775182       0.35754696832887684     
  0.16360000000000000       0.38843891573473655       0.35749977799384941     
  0.16370000000000001       0.38754743772830313       0.35745162836560884     
  0.16380000000000000       0.38665491572264393       0.35740251581209270     
  0.16390000000000002       0.38576134802743234       0.35735243668072747     
  0.16400000000000001       0.38486673294781887       0.35730138729827288     
  0.16410000000000000       0.38397106878442727       0.35724936397066470     
  0.16420000000000001       0.38307435383335092       0.35719636298285617     
  0.16430000000000000       0.38217658638614949       0.35714238059865772     
  0.16440000000000002       0.38127776472984581       0.35708741306057534     
  0.16450000000000001       0.38037788714692294       0.35703145658964741     
  0.16460000000000000       0.37947695191532149       0.35697450738527980     
  0.16470000000000001       0.37857495730843721       0.35691656162507973     
  0.16480000000000000       0.37767190159511882       0.35685761546468764     
  0.16490000000000002       0.37676778303966607       0.35679766503760779     
  0.16500000000000001       0.37586259990182819       0.35673670645503708     
  0.16510000000000000       0.37495635043680237       0.35667473580569220     
  0.16520000000000001       0.37404903289523278       0.35661174915563520     
  0.16530000000000000       0.37314064552320975       0.35654774254809735     
  0.16540000000000002       0.37223118656226917       0.35648271200330128     
  0.16550000000000001       0.37132065424939226       0.35641665351828150     
  0.16560000000000000       0.37040904681700576       0.35634956306670301     
  0.16570000000000001       0.36949636249298218       0.35628143659867828     
  0.16580000000000000       0.36858259950064054       0.35621227004058237     
  0.16590000000000002       0.36766775605874746       0.35614205929486636     
  0.16600000000000001       0.36675183038151848       0.35607080023986892     
  0.16610000000000000       0.36583482067861978       0.35599848872962592     
  0.16620000000000001       0.36491672515517015       0.35592512059367831     
  0.16630000000000000       0.36399754201174345       0.35585069163687810     
  0.16640000000000002       0.36307726944437135       0.35577519763919246     
  0.16650000000000001       0.36215590564454653       0.35569863435550569     
  0.16660000000000000       0.36123344879922614       0.35562099751541959     
  0.16670000000000001       0.36030989709083572       0.35554228282305150     
  0.16680000000000000       0.35938524869727345       0.35546248595683061     
  0.16690000000000002       0.35845950179191494       0.35538160256929208     
  0.16700000000000001       0.35753265454361827       0.35529962828686923     
  0.16710000000000000       0.35660470511672965       0.35521655870968361     
  0.16720000000000002       0.35567565167108928       0.35513238941133302     
  0.16730000000000000       0.35474549236203784       0.35504711593867727     
  0.16740000000000002       0.35381422534042334       0.35496073381162202     
  0.16750000000000001       0.35288184875260847       0.35487323852290031     
  0.16760000000000000       0.35194836074047842       0.35478462553785189     
  0.16770000000000002       0.35101375944144914       0.35469489029420043     
  0.16780000000000000       0.35007804298847611       0.35460402820182840     
  0.16790000000000002       0.34914120951006378       0.35451203464254971     
  0.16800000000000001       0.34820325713027522       0.35441890496988010     
  0.16810000000000000       0.34726418396874253       0.35432463450880508     
  0.16820000000000002       0.34632398814067772       0.35422921855554562     
  0.16830000000000001       0.34538266775688409       0.35413265237732144     
  0.16840000000000002       0.34444022092376825       0.35403493121211188     
  0.16850000000000001       0.34349664574335270       0.35393605026841435     
  0.16860000000000000       0.34255194031328901       0.35383600472500021     
  0.16870000000000002       0.34160610272687147       0.35373478973066835     
  0.16880000000000001       0.34065913107305162       0.35363240040399613     
  0.16889999999999999       0.33971102343645304       0.35352883183308759     
  0.16900000000000001       0.33876177789738715       0.35342407907531942     
  0.16910000000000000       0.33781139253186937       0.35331813715708410     
  0.16920000000000002       0.33685986541163621       0.35321100107353037     
  0.16930000000000001       0.33590719460416280       0.35310266578830107     
  0.16940000000000000       0.33495337817268128       0.35299312623326823     
  0.16950000000000001       0.33399841417619980       0.35288237730826544     
  0.16960000000000000       0.33304230066952234       0.35277041388081748     
  0.16970000000000002       0.33208503570326925       0.35265723078586708     
  0.16980000000000001       0.33112661732389842       0.35254282282549876     
  0.16990000000000000       0.33016704357372745       0.35242718476865986     
  0.17000000000000001       0.32920631249095644       0.35231031135087865     
  0.17010000000000000       0.32824442210969168       0.35219219727397943     
  0.17020000000000002       0.32728137045997002       0.35207283720579474     
  0.17030000000000001       0.32631715556778434       0.35195222577987439     
  0.17040000000000000       0.32535177545510968       0.35183035759519149     
  0.17050000000000001       0.32438522813993026       0.35170722721584541     
  0.17060000000000000       0.32341751163626753       0.35158282917076156     
  0.17070000000000002       0.32244862395420898       0.35145715795338789     
  0.17080000000000001       0.32147856309993805       0.35133020802138831     
  0.17090000000000000       0.32050732707576485       0.35120197379633278     
  0.17100000000000001       0.31953491388015787       0.35107244966338402     
  0.17110000000000000       0.31856132150777688       0.35094162997098105     
  0.17120000000000002       0.31758654794950664       0.35080950903051911     
  0.17130000000000001       0.31661059119249169       0.35067608111602633     
  0.17140000000000000       0.31563344922017234       0.35054134046383684     
  0.17150000000000001       0.31465512001232154       0.35040528127226039     
  0.17160000000000000       0.31367560154508306       0.35026789770124839     
  0.17170000000000002       0.31269489179101068       0.35012918387205622     
  0.17180000000000001       0.31171298871910857       0.34998913386690217     
  0.17190000000000000       0.31072989029487291       0.34984774172862237     
  0.17200000000000001       0.30974559448033456       0.34970500146032213     
  0.17210000000000000       0.30876009923410319       0.34956090702502346     
  0.17220000000000002       0.30777340251141250       0.34941545234530874     
  0.17230000000000001       0.30678550226416679       0.34926863130296049     
  0.17240000000000000       0.30579639644098883       0.34912043773859708     
  0.17250000000000001       0.30480608298726913       0.34897086545130473     
  0.17260000000000000       0.30381455984521649       0.34881990819826519     
  0.17270000000000002       0.30282182495390997       0.34866755969437935     
  0.17280000000000001       0.30182787624935237       0.34851381361188688     
  0.17290000000000000       0.30083271166452513       0.34835866357998146     
  0.17300000000000001       0.29983632912944463       0.34820210318442185     
  0.17310000000000000       0.29883872657122018       0.34804412596713857     
  0.17320000000000002       0.29783990191411347       0.34788472542583637     
  0.17330000000000001       0.29683985307959959       0.34772389501359202     
  0.17340000000000000       0.29583857798642976       0.34756162813844788     
  0.17350000000000002       0.29483607455069566       0.34739791816300064     
  0.17360000000000000       0.29383234068589542       0.34723275840398576     
  0.17370000000000002       0.29282737430300143       0.34706614213185705     
  0.17380000000000001       0.29182117331052981       0.34689806257036149     
  0.17390000000000000       0.29081373561461188       0.34672851289610940     
  0.17400000000000002       0.28980505911906718       0.34655748623813970     
  0.17410000000000000       0.28879514172547865       0.34638497567748022     
  0.17420000000000002       0.28778398133326960       0.34621097424670305     
  0.17430000000000001       0.28677157583978263       0.34603547492947484     
  0.17440000000000000       0.28575792314036064       0.34585847066010206     
  0.17450000000000002       0.28474302112842981       0.34567995432307097     
  0.17460000000000001       0.28372686769558475       0.34549991875258240     
  0.17470000000000002       0.28270946073167569       0.34531835673208122     
  0.17480000000000001       0.28169079812489795       0.34513526099378034     
  0.17490000000000000       0.28067087776188354       0.34495062421817935     
  0.17500000000000002       0.27964969752779523       0.34476443903357756     
  0.17510000000000001       0.27862725530642268       0.34457669801558150     
  0.17519999999999999       0.27760354898028122       0.34438739368660665     
  0.17530000000000001       0.27657857643071287       0.34419651851537342     
  0.17540000000000000       0.27555233553798991       0.34400406491639735     
  0.17550000000000002       0.27452482418142093       0.34381002524947341     
  0.17560000000000001       0.27349604023945961       0.34361439181915421     
  0.17570000000000000       0.27246598158981600       0.34341715687422220     
  0.17580000000000001       0.27143464610957058       0.34321831260715563     
  0.17590000000000000       0.27040203167529103       0.34301785115358846     
  0.17600000000000002       0.26936813616315197       0.34281576459176372     
  0.17610000000000001       0.26833295744905733       0.34261204494198061     
  0.17620000000000000       0.26729649340876582       0.34240668416603504     
  0.17630000000000001       0.26625874191801946       0.34219967416665353     
  0.17640000000000000       0.26521970085267504       0.34199100678692057     
  0.17650000000000002       0.26417936808883891       0.34178067380969906     
  0.17660000000000001       0.26313774150300473       0.34156866695704408     
  0.17670000000000000       0.26209481897219472       0.34135497788960939     
  0.17680000000000001       0.26105059837410410       0.34113959820604728     
  0.17690000000000000       0.26000507758724911       0.34092251944240098     
  0.17700000000000002       0.25895825449111842       0.34070373307148993     
  0.17710000000000001       0.25791012696632809       0.34048323050228763     
  0.17720000000000000       0.25686069289478031       0.34026100307929219     
  0.17730000000000001       0.25580995015982572       0.34003704208188923     
  0.17740000000000000       0.25475789664642962       0.33981133872370711     
  0.17750000000000002       0.25370453024134210       0.33958388415196444     
  0.17760000000000001       0.25264984883327213       0.33935466944680975     
  0.17770000000000000       0.25159385031306564       0.33912368562065315     
  0.17780000000000001       0.25053653257388792       0.33889092361748985     
  0.17790000000000000       0.24947789351141017       0.33865637431221557     
  0.17800000000000002       0.24841793102400037       0.33842002850993363     
  0.17810000000000001       0.24735664301291863       0.33818187694525365     
  0.17820000000000000       0.24629402738251707       0.33794191028158144     
  0.17830000000000001       0.24523008204044433       0.33770011911040065     
  0.17840000000000000       0.24416480489785486       0.33745649395054528     
  0.17850000000000002       0.24309819386962297       0.33721102524746338     
  0.17860000000000001       0.24203024687456196       0.33696370337247189     
  0.17870000000000000       0.24096096183564814       0.33671451862200208     
  0.17880000000000001       0.23989033668025017       0.33646346121683574     
  0.17890000000000000       0.23881836934036366       0.33621052130133211     
  0.17900000000000002       0.23774505775285107       0.33595568894264510     
  0.17910000000000001       0.23667039985968730       0.33569895412993089     
  0.17920000000000000       0.23559439360821080       0.33544030677354564     
  0.17930000000000001       0.23451703695138051       0.33517973670423329     
  0.17940000000000000       0.23343832784803872       0.33491723367230325     
  0.17950000000000002       0.23235826426317990       0.33465278734679788     
  0.17960000000000001       0.23127684416822580       0.33438638731464948     
  0.17970000000000000       0.23019406554130675       0.33411802307982685     
  0.17980000000000002       0.22910992636754951       0.33384768406247101     
  0.17990000000000000       0.22802442463937164       0.33357535959802020     
  0.18000000000000002       0.22693755835678267       0.33330103893632390     
  0.18010000000000001       0.22584932552769213       0.33302471124074556     
  0.18020000000000000       0.22475972416822465       0.33274636558725418     
  0.18030000000000002       0.22366875230304228       0.33246599096350427     
  0.18040000000000000       0.22257640796567416       0.33218357626790429     
  0.18050000000000002       0.22148268919885372       0.33189911030867325     
  0.18060000000000001       0.22038759405486372       0.33161258180288528     
  0.18070000000000000       0.21929112059588893       0.33132397937550201     
  0.18080000000000002       0.21819326689437715       0.33103329155839289     
  0.18090000000000001       0.21709403103340830       0.33074050678934275     
  0.18100000000000002       0.21599341110707199       0.33044561341104672     
  0.18110000000000001       0.21489140522085376       0.33014859967009241     
  0.18120000000000000       0.21378801149203014       0.32984945371592900     
  0.18130000000000002       0.21268322805007267       0.32954816359982297     
  0.18140000000000001       0.21157705303706129       0.32924471727380072     
  0.18150000000000002       0.21046948460810702       0.32893910258957715     
  0.18160000000000001       0.20936052093178448       0.32863130729747081     
  0.18170000000000000       0.20825016019057413       0.32832131904530487     
  0.18180000000000002       0.20713840058131477       0.32800912537729388     
  0.18190000000000001       0.20602524031566630       0.32769471373291609     
  0.18200000000000000       0.20491067762058310       0.32737807144577125     
  0.18210000000000001       0.20379471073879829       0.32705918574242349     
  0.18220000000000000       0.20267733792931900       0.32673804374122922     
  0.18230000000000002       0.20155855746793300       0.32641463245114966     
  0.18240000000000001       0.20043836764772699       0.32608893877054795     
  0.18250000000000000       0.19931676677961674       0.32576094948597062     
  0.18260000000000001       0.19819375319288937       0.32543065127091292     
  0.18270000000000000       0.19706932523575810       0.32509803068456822     
  0.18280000000000002       0.19594348127592967       0.32476307417056083     
  0.18290000000000001       0.19481621970118490       0.32442576805566226     
  0.18300000000000000       0.19368753891997245       0.32408609854849063     
  0.18310000000000001       0.19255743736201633       0.32374405173819287     
  0.18320000000000000       0.19142591347893734       0.32339961359310965     
  0.18330000000000002       0.19029296574488883       0.32305276995942256     
  0.18340000000000001       0.18915859265720705       0.32270350655978353     
  0.18350000000000000       0.18802279273707653       0.32235180899192611     
  0.18360000000000001       0.18688556453021077       0.32199766272725827     
  0.18370000000000000       0.18574690660754864       0.32164105310943658     
  0.18380000000000002       0.18460681756596689       0.32128196535292153     
  0.18390000000000001       0.18346529602900902       0.32092038454151356     
  0.18400000000000000       0.18232234064763109       0.32055629562686960     
  0.18410000000000001       0.18117795010096474       0.32018968342699999     
  0.18420000000000000       0.18003212309709790       0.31982053262474514     
  0.18430000000000002       0.17888485837387355       0.31944882776623201     
  0.18440000000000001       0.17773615469970702       0.31907455325931000     
  0.18450000000000000       0.17658601087442224       0.31869769337196580     
  0.18460000000000001       0.17543442573010745       0.31831823223071704     
  0.18470000000000000       0.17428139813199076       0.31793615381898449     
  0.18480000000000002       0.17312692697933604       0.31755144197544244     
  0.18490000000000001       0.17197101120635983       0.31716408039234684     
  0.18500000000000000       0.17081364978316940       0.31677405261384106     
  0.18510000000000001       0.16965484171672288       0.31638134203423884     
  0.18520000000000000       0.16849458605181164       0.31598593189628416     
  0.18530000000000002       0.16733288187206583       0.31558780528938768     
  0.18540000000000001       0.16616972830098325       0.31518694514783946     
  0.18550000000000000       0.16500512450298246       0.31478333424899752     
  0.18560000000000001       0.16383906968448045       0.31437695521145193     
  0.18570000000000000       0.16267156309499572       0.31396779049316431     
  0.18580000000000002       0.16150260402827721       0.31355582238958202     
  0.18590000000000001       0.16033219182345970       0.31314103303172697     
  0.18600000000000000       0.15916032586624662       0.31272340438425861     
  0.18610000000000002       0.15798700559012052       0.31230291824351064     
  0.18620000000000000       0.15681223047758219       0.31187955623550129     
  0.18630000000000002       0.15563600006141909       0.31145329981391656     
  0.18640000000000001       0.15445831392600368       0.31102413025806624     
  0.18650000000000000       0.15327917170862254       0.31059202867081237     
  0.18660000000000002       0.15209857310083699       0.31015697597646941     
  0.18670000000000000       0.15091651784987598       0.30971895291867618     
  0.18680000000000002       0.14973300576006207       0.30927794005823894     
  0.18690000000000001       0.14854803669427136       0.30883391777094532     
  0.18700000000000000       0.14736161057542810       0.30838686624534850     
  0.18710000000000002       0.14617372738803508       0.30793676548052162     
  0.18720000000000001       0.14498438717974041       0.30748359528378172     
  0.18730000000000002       0.14379359006294182       0.30702733526838272     
  0.18740000000000001       0.14260133621642937       0.30656796485117749     
  0.18750000000000000       0.14140762588706748       0.30610546325024818     
  0.18760000000000002       0.14021245939151739       0.30563980948250458     
  0.18770000000000001       0.13901583711800086       0.30517098236124990     
  0.18780000000000002       0.13781775952810651       0.30469896049371392     
  0.18790000000000001       0.13661822715863944       0.30422372227855282     
  0.18800000000000000       0.13541724062351565       0.30374524590331531     
  0.18810000000000002       0.13421480061570212       0.30326350934187457     
  0.18820000000000001       0.13301090790920383       0.30277849035182580     
  0.18830000000000000       0.13180556336109889       0.30229016647184881     
  0.18840000000000001       0.13059876791362304       0.30179851501903515     
  0.18850000000000000       0.12939052259630479       0.30130351308617948     
  0.18860000000000002       0.12818082852815241       0.30080513753903465     
  0.18870000000000001       0.12696968691989421       0.30030336501353028     
  0.18880000000000000       0.12575709907627350       0.29979817191295399     
  0.18890000000000001       0.12454306639839949       0.29928953440509543     
  0.18900000000000000       0.12332759038615575       0.29877742841935206     
  0.18910000000000002       0.12211067264066761       0.29826182964379683     
  0.18920000000000001       0.12089231486683007       0.29774271352220671     
  0.18930000000000000       0.11967251887589779       0.29722005525105238     
  0.18940000000000001       0.11845128658813876       0.29669382977644809     
  0.18950000000000000       0.11722862003555334       0.29616401179106139     
  0.18960000000000002       0.11600452136466032       0.29563057573098256     
  0.18970000000000001       0.11477899283935178       0.29509349577255306     
  0.18980000000000000       0.11355203684381865       0.29455274582915275     
  0.18990000000000001       0.11232365588554859       0.29400829954794527     
  0.19000000000000000       0.11109385259839832       0.29346013030658152     
  0.19010000000000002       0.10986262974574225       0.29290821120986060     
  0.19020000000000001       0.10862999022369936       0.29235251508634791     
  0.19030000000000000       0.10739593706444059       0.29179301448494993     
  0.19040000000000001       0.10616047343957860       0.29122968167144564     
  0.19050000000000000       0.10492360266364234       0.29066248862497379     
  0.19060000000000002       0.10368532819763843       0.29009140703447600     
  0.19070000000000001       0.10244565365270185       0.28951640829509517     
  0.19080000000000000       0.10120458279383822       0.28893746350452915     
  0.19090000000000001        9.9962119543760053E-002  0.28835454345933903     
  0.19100000000000000        9.8718267986819611E-002  0.28776761865121192     
  0.19110000000000002        9.7473032373040808E-002  0.28717665926317804     
  0.19120000000000001        9.6226417122252883E-002  0.28658163516578167     
  0.19130000000000000        9.4978426828328522E-002  0.28598251591320600     
  0.19140000000000001        9.3729066263529240E-002  0.28537927073935138     
  0.19150000000000000        9.2478340382960877E-002  0.28477186855386694     
  0.19160000000000002        9.1226254329142151E-002  0.28416027793813536     
  0.19170000000000001        8.9972813436689322E-002  0.28354446714121079     
  0.19180000000000000        8.8718023237120081E-002  0.28292440407570951     
  0.19190000000000002        8.7461889463779835E-002  0.28230005631365368     
  0.19200000000000000        8.6204418056893731E-002  0.28167139108226763     
  0.19210000000000002        8.4945615168747754E-002  0.28103837525972719     
  0.19220000000000001        8.3685487169002370E-002  0.28040097537086156     
  0.19230000000000000        8.2424040650142374E-002  0.27975915758280828     
  0.19240000000000002        8.1161282433066501E-002  0.27911288770062104     
  0.19250000000000000        7.9897219572820644E-002  0.27846213116283058     
  0.19260000000000002        7.8631859364478585E-002  0.27780685303695907     
  0.19270000000000001        7.7365209349174111E-002  0.27714701801498781     
  0.19280000000000000        7.6097277320288759E-002  0.27648259040877898     
  0.19290000000000002        7.4828071329799281E-002  0.27581353414545140     
  0.19300000000000000        7.3557599694789241E-002  0.27513981276271093     
  0.19310000000000002        7.2285871004129115E-002  0.27446138940413611     
  0.19320000000000001        7.1012894125329531E-002  0.27377822681441921     
  0.19330000000000000        6.9738678211572300E-002  0.27309028733456364     
  0.19340000000000002        6.8463232708924071E-002  0.27239753289703816     
  0.19350000000000001        6.7186567363737598E-002  0.27169992502088885     
  0.19360000000000002        6.5908692230245619E-002  0.27099742480680955     
  0.19370000000000001        6.4629617678352680E-002  0.27028999293217187     
  0.19380000000000000        6.3349354401630212E-002  0.26957758964601553     
  0.19390000000000002        6.2067913425520385E-002  0.26886017476400048     
  0.19400000000000001        6.0785306115754424E-002  0.26813770766332179     
  0.19410000000000002        5.9501544186991176E-002  0.26741014727758883     
  0.19420000000000001        5.8216639711681901E-002  0.26667745209167010     
  0.19430000000000000        5.6930605129167450E-002  0.26593958013650532     
  0.19440000000000002        5.5643453255014089E-002  0.26519648898388659     
  0.19450000000000001        5.4355197290594431E-002  0.26444813574121029     
  0.19460000000000002        5.3065850832920147E-002  0.26369447704620191     
  0.19470000000000001        5.1775427884733195E-002  0.26293546906161602     
  0.19480000000000000        5.0483942864862609E-002  0.26217106746991337     
  0.19490000000000002        4.9191410618853973E-002  0.26140122746791794     
  0.19500000000000001        4.7897846429878939E-002  0.26062590376145667     
  0.19510000000000000        4.6603266029932339E-002  0.25984505055998425     
  0.19520000000000001        4.5307685611324568E-002  0.25905862157119669     
  0.19530000000000000        4.4011121838477225E-002  0.25826656999563646     
  0.19540000000000002        4.2713591860030091E-002  0.25746884852129281     
  0.19550000000000001        4.1415113321267766E-002  0.25666540931820125     
  0.19560000000000000        4.0115704376874499E-002  0.25585620403304576     
  0.19570000000000001        3.8815383704025951E-002  0.25504118378376839     
  0.19580000000000000        3.7514170515826832E-002  0.25422029915419042     
  0.19590000000000002        3.6212084575103554E-002  0.25339350018865009     
  0.19600000000000001        3.4909146208561295E-002  0.25256073638666204     
  0.19610000000000000        3.3605376321315064E-002  0.25172195669760355     
  0.19620000000000001        3.2300796411804569E-002  0.25087710951543385     
  0.19630000000000000        3.0995428587102920E-002  0.25002614267345202     
  0.19640000000000002        2.9689295578629458E-002  0.24916900343910062     
  0.19650000000000001        2.8382420758277158E-002  0.24830563850882120     
  0.19660000000000000        2.7074828154965345E-002  0.24743599400296962     
  0.19670000000000001        2.5766542471628639E-002  0.24656001546079834     
  0.19680000000000000        2.4457589102653311E-002  0.24567764783551424     
  0.19690000000000002        2.3147994151772436E-002  0.24478883548942029     
  0.19700000000000001        2.1837784450431458E-002  0.24389352218915042     
  0.19710000000000000        2.0526987576636010E-002  0.24299165110100701     
  0.19720000000000001        1.9215631874294040E-002  0.24208316478641137     
  0.19730000000000000        1.7903746473064554E-002  0.24116800519747780     
  0.19740000000000002        1.6591361308725430E-002  0.24024611367272267     
  0.19750000000000001        1.5278507144073045E-002  0.23931743093292043     
  0.19760000000000000        1.3965215590366611E-002  0.23838189707711935     
  0.19770000000000001        1.2651519129330319E-002  0.23743945157883004     
  0.19780000000000000        1.1337451135726618E-002  0.23649003328240101     
  0.19790000000000002        1.0023045900514083E-002  0.23553358039959604     
  0.19800000000000001        8.7083386546035514E-003  0.23457003050638883     
  0.19810000000000000        7.3933655932263264E-003  0.23359932053999150     
  0.19820000000000002        6.0781639009284162E-003  0.23262138679613406     
  0.19830000000000000        4.7627717772049079E-003  0.23163616492661332     
  0.19840000000000002        3.4472284627886890E-003  0.23064358993713002     
  0.19850000000000001        2.1315742666078246E-003  0.22964359618543459     
  0.19860000000000000        8.1585059342598795E-004  0.22863611737980255     
  0.19870000000000002       -4.9990002781961267E-004  0.22762108657786193     
  0.19880000000000000       -1.8156339149683293E-003  0.22659843618579595     
  0.19890000000000002       -3.1313062028597081E-003  0.22556809795794555     
  0.19900000000000001       -4.4468708128162062E-003  0.22453000299683762     
  0.19910000000000000       -5.7622804213705850E-003  0.22348408175366591     
  0.19920000000000002       -7.0774864282236857E-003  0.22243026402925306     
  0.19930000000000000       -8.3924389234184046E-003  0.22136847897552347     
  0.19940000000000002       -9.7070866537158768E-003  0.22029865509751836     
  0.19950000000000001       -1.1021376988160103E-002  0.21922072025598566     
  0.19960000000000000       -1.2335255882817512E-002  0.21813460167057910     
  0.19970000000000002       -1.3648667844678289E-002  0.21704022592370240     
  0.19980000000000001       -1.4961555894706709E-002  0.21593751896503616     
  0.19990000000000002       -1.6273861530028126E-002  0.21482640611678699     
  0.20000000000000001       -1.7585524685240824E-002  0.21370681207969996     
  0.20010000000000000       -1.8896483692841540E-002  0.21257866093987737     
  0.20020000000000002       -2.0206675242754119E-002  0.21144187617644924     
  0.20030000000000001       -2.1516034340951555E-002  0.21029638067014228     
  0.20040000000000002       -2.2824494267162536E-002  0.20914209671279665     
  0.20050000000000001       -2.4131986531654548E-002  0.20797894601788194     
  0.20060000000000000       -2.5438440831086716E-002  0.20680684973206587     
  0.20070000000000002       -2.6743785003426699E-002  0.20562572844789154     
  0.20080000000000001       -2.8047944981927302E-002  0.20443550221762172     
  0.20090000000000002       -2.9350844748159931E-002  0.20323609056831068     
  0.20100000000000001       -3.0652406284103567E-002  0.20202741251816694     
  0.20110000000000000       -3.1952549523289735E-002  0.20080938659427267     
  0.20120000000000002       -3.3251192301005816E-002  0.19958193085172821     
  0.20130000000000001       -3.4548250303561179E-002  0.19834496289429296     
  0.20140000000000002       -3.5843637016622805E-002  0.19709839989659639     
  0.20150000000000001       -3.7137263672629657E-002  0.19584215862799609     
  0.20160000000000000       -3.8429039197297635E-002  0.19457615547816232     
  0.20170000000000002       -3.9718870155229888E-002  0.19330030648447163     
  0.20180000000000001       -4.1006660694650421E-002  0.19201452736129512     
  0.20190000000000000       -4.2292312491282270E-002  0.19071873353126956     
  0.20200000000000001       -4.3575724691395236E-002  0.18941284015864296     
  0.20210000000000000       -4.4856793854052023E-002  0.18809676218478905     
  0.20220000000000002       -4.6135413892585922E-002  0.18677041436598807     
  0.20230000000000001       -4.7411476015347676E-002  0.18543371131357439     
  0.20240000000000000       -4.8684868665764020E-002  0.18408656753655434     
  0.20250000000000001       -4.9955477461755618E-002  0.18272889748680071     
  0.20260000000000000       -5.1223185134567632E-002  0.18136061560693328     
  0.20270000000000002       -5.2487871467072157E-002  0.17998163638099718     
  0.20280000000000001       -5.3749413231607993E-002  0.17859187438805418     
  0.20290000000000000       -5.5007684127430012E-002  0.17719124435880423     
  0.20300000000000001       -5.6262554717847524E-002  0.17577966123535696     
  0.20310000000000000       -5.7513892367138615E-002  0.17435704023427542     
  0.20320000000000002       -5.8761561177335463E-002  0.17292329691301628     
  0.20330000000000001       -6.0005421924984183E-002  0.17147834723989241     
  0.20340000000000000       -6.1245331997991731E-002  0.17002210766768580     
  0.20350000000000001       -6.2481145332681842E-002  0.16855449521103932     
  0.20360000000000000       -6.3712712351192038E-002  0.16707542752775767     
  0.20370000000000002       -6.4939879899354180E-002  0.16558482300414742     
  0.20380000000000001       -6.6162491185212099E-002  0.16408260084452717     
  0.20390000000000000       -6.7380385718341401E-002  0.16256868116503745     
  0.20400000000000001       -6.8593399250148582E-002  0.16104298509188000     
  0.20410000000000000       -6.9801363715339210E-002  0.15950543486411373     
  0.20420000000000002       -7.1004107174758135E-002  0.15795595394113296     
  0.20430000000000001       -7.2201453759818207E-002  0.15639446711495064     
  0.20440000000000000       -7.3393223618748213E-002  0.15482090062740503     
  0.20450000000000002       -7.4579232864905406E-002  0.15323518229240432     
  0.20460000000000000       -7.5759293527412952E-002  0.15163724162331785     
  0.20470000000000002       -7.6933213504398357E-002  0.15002700996561602     
  0.20480000000000001       -7.8100796519124618E-002  0.14840442063485340     
  0.20490000000000000       -7.9261842079322256E-002  0.14676940906008065     
  0.20500000000000002       -8.0416145440046924E-002  0.14512191293276089     
  0.20510000000000000       -8.1563497570403973E-002  0.14346187236125441     
  0.20520000000000002       -8.2703685124498480E-002  0.14178923003092300     
  0.20530000000000001       -8.3836490416986043E-002  0.14010393136989049     
  0.20540000000000000       -8.4961691403616854E-002  0.13840592472047999     
  0.20550000000000002       -8.6079061667182363E-002  0.13669516151633079     
  0.20560000000000000       -8.7188370409290422E-002  0.13497159646517778     
  0.20570000000000002       -8.8289382448411169E-002  0.13323518773725529     
  0.20580000000000001       -8.9381858224651653E-002  0.13148589715926332     
  0.20590000000000000       -9.0465553811732130E-002  0.12972369041380893     
  0.20600000000000002       -9.1540220936651401E-002  0.12794853724420785     
  0.20610000000000001       -9.2605607007541474E-002  0.12616041166450145     
  0.20620000000000002       -9.3661455150223935E-002  0.12435929217451271     
  0.20630000000000001       -9.4707504253990799E-002  0.12254516197972998     
  0.20640000000000000       -9.5743489027141193E-002  0.12071800921577149     
  0.20650000000000002       -9.6769140062812273E-002  0.11887782717714442     
  0.20660000000000001       -9.7784183915646930E-002  0.11702461454997180     
  0.20670000000000002       -9.8788343189843267E-002  0.11515837564831714     
  0.20680000000000001       -9.9781336639129692E-002  0.11327912065369160     
  0.20690000000000000      -0.10076287927920584       0.11138686585728143     
  0.20700000000000002      -0.10173268251318211       0.10948163390438422     
  0.20710000000000001      -0.10269045427053969       0.10756345404049167     
  0.20720000000000002      -0.10363589916011778       0.10563236235840454     
  0.20730000000000001      -0.10456871863761558       0.10368840204571160     
  0.20740000000000000      -0.10548861118807204       0.10173162363191023     
  0.20750000000000002      -0.10639527252375806        9.9762085234390604E-002
  0.20760000000000001      -0.10728839579788080        9.7779852802450579E-002
  0.20770000000000002      -0.10816767183446047        9.5785000358452291E-002
  0.20780000000000001      -0.10903278937469427        9.3777610235177333E-002
  0.20790000000000000      -0.10988343534007043        9.1757773308383250E-002
  0.20800000000000002      -0.11071929511243792        8.9725589223512189E-002
  0.20810000000000001      -0.11154005283117314        8.7681166615452708E-002
  0.20820000000000000      -0.11234539170751504        8.5624623320208745E-002
  0.20830000000000001      -0.11313499435606281        8.3556086577286387E-002
  0.20840000000000000      -0.11390854314334822        8.1475693221569973E-002
  0.20850000000000002      -0.11466572055330479        7.9383589863424850E-002
  0.20860000000000001      -0.11540620956936137        7.7279933055735758E-002
  0.20870000000000000      -0.11612969407278705        7.5164889446568087E-002
  0.20880000000000001      -0.11683585925680799        7.3038635916124556E-002
  0.20890000000000000      -0.11752439205590666        7.0901359696663599E-002
  0.20900000000000002      -0.11819498158959842        6.8753258474048035E-002
  0.20910000000000001      -0.11884731961986275        6.6594540469604599E-002
  0.20920000000000000      -0.11948110102128506        6.4425424500997128E-002
  0.20930000000000001      -0.12009602426284242        6.2246140020849154E-002
  0.20940000000000000      -0.12069179190014331        6.0056927131896219E-002
  0.20950000000000002      -0.12126811107680838        5.7858036577504358E-002
  0.20960000000000001      -0.12182469403355781        5.5649729706459747E-002
  0.20970000000000000      -0.12236125862345267        5.3432278411015312E-002
  0.20980000000000001      -0.12287752883162302        5.1205965037273531E-002
  0.20990000000000000      -0.12337323529770733        4.8971082267090384E-002
  0.21000000000000002      -0.12384811583912606        4.6727932970803542E-002
  0.21010000000000001      -0.12430191597321952        4.4476830030217643E-002
  0.21020000000000000      -0.12473438943619702        4.2218096131420781E-002
  0.21030000000000001      -0.12514529869677304        3.9952063527157862E-002
  0.21040000000000000      -0.12553441546230731        3.7679073768647917E-002
  0.21050000000000002      -0.12590152117522119        3.5399477406902080E-002
  0.21060000000000001      -0.12624640749743354        3.3113633663776010E-002
  0.21070000000000000      -0.12656887678054626        3.0821910073173191E-002
  0.21080000000000002      -0.12686874251951383        2.8524682093002428E-002
  0.21090000000000000      -0.12714582978755401        2.6222332688682071E-002
  0.21100000000000002      -0.12739997565009731        2.3915251889173286E-002
  0.21110000000000001      -0.12763102955563238        2.1603836316713036E-002
  0.21120000000000000      -0.12783885370138373        1.9288488691602337E-002
  0.21130000000000002      -0.12802332337185476        1.6969617313584755E-002
  0.21140000000000000      -0.12818432724838510        1.4647635521521941E-002
  0.21150000000000002      -0.12832176768800460        1.2322961133235286E-002
  0.21160000000000001      -0.12843556097001585        9.9960158675334570E-003
  0.21170000000000000      -0.12852563750890308        7.6672247505829294E-003
  0.21180000000000002      -0.12859194203234428        5.3370155089007771E-003
  0.21190000000000001      -0.12863443372329558        3.0058179513544978E-003
  0.21200000000000002      -0.12865308632531963        6.7406334264106659E-004
  0.21210000000000001      -0.12864788821054041       -1.6578162292143460E-003
  0.21220000000000000      -0.12861884240982482       -3.9893884887514264E-003
  0.21230000000000002      -0.12856596660501313       -6.3202216097435881E-003
  0.21240000000000001      -0.12848929308324364       -8.6498848500204169E-003
  0.21250000000000002      -0.12838886865364060       -1.0977949181836363E-002
  0.21260000000000001      -0.12826475452685426       -1.3303987915214231E-002
  0.21270000000000000      -0.12811702615815751       -1.5627577311748457E-002
  0.21280000000000002      -0.12794577305501112       -1.7948297186429311E-002
  0.21290000000000001      -0.12775109855020841       -2.0265731495144108E-002
  0.21300000000000002      -0.12753311954189689       -2.2579468905624001E-002
  0.21310000000000001      -0.12729196620194869       -2.4889103349733446E-002
  0.21320000000000000      -0.12702778165431078       -2.7194234555142430E-002
  0.21330000000000002      -0.12674072162510913       -2.9494468554577220E-002
  0.21340000000000001      -0.12643095406640745       -3.1789418171011795E-002
  0.21350000000000002      -0.12609865875562901       -3.4078703477337276E-002
  0.21360000000000001      -0.12574402687274019       -3.6361952229228618E-002
  0.21370000000000000      -0.12536726055736488       -3.8638800270114342E-002
  0.21380000000000002      -0.12496857244805125       -4.0908891907344279E-002
  0.21390000000000001      -0.12454818520594538       -4.3171880258840119E-002
  0.21400000000000002      -0.12410633102514131       -4.5427427569702007E-002
  0.21410000000000001      -0.12364325113197422       -4.7675205498429872E-002
  0.21420000000000000      -0.12315919527550385       -4.9914895372598710E-002
  0.21430000000000002      -0.12265442121139944       -5.2146188414001239E-002
  0.21440000000000001      -0.12212919418138710       -5.4368785933437858E-002
  0.21450000000000002      -0.12158378639035664       -5.6582399495491299E-002
  0.21460000000000001      -0.12101847648314822       -5.8786751053770889E-002
  0.21470000000000000      -0.12043354902295225       -6.0981573057247968E-002
  0.21480000000000002      -0.11982929397315945       -6.3166608528429161E-002
  0.21490000000000001      -0.11920600618439305       -6.5341611114227260E-002
  0.21500000000000000      -0.11856398488834466       -6.7506345110490265E-002
  0.21510000000000001      -0.11790353319991860       -6.9660585461237393E-002
  0.21520000000000000      -0.11722495762907004       -7.1804117733726663E-002
  0.21530000000000002      -0.11652856760359996       -7.3936738070542199E-002
  0.21540000000000001      -0.11581467500404678       -7.6058253119940619E-002
  0.21550000000000000      -0.11508359371169102       -7.8168479945735822E-002
  0.21560000000000001      -0.11433563917056758       -8.0267245918029875E-002
  0.21570000000000000      -0.11357112796425993       -8.2354388586115698E-002
  0.21580000000000002      -0.11279037740813380       -8.4429755534885270E-002
  0.21590000000000001      -0.11199370515755432       -8.6493204226075704E-002
  0.21600000000000000      -0.11118142883252215       -8.8544601825675806E-002
  0.21610000000000001      -0.11035386565906004       -9.0583825018798025E-002
  0.21620000000000000      -0.10951133212758270       -9.2610759813296223E-002
  0.21630000000000002      -0.10865414366839053       -9.4625301333378778E-002
  0.21640000000000001      -0.10778261434434086       -9.6627353604430338E-002
  0.21650000000000000      -0.10689705656067003       -9.8616829330214498E-002
  0.21660000000000001      -0.10599778079186571      -0.10059364966358479     
  0.21670000000000000      -0.10508509532542103      -0.10255774397178312     
  0.21680000000000002      -0.10415930602224061      -0.10450904959735401     
  0.21690000000000001      -0.10322071609341371      -0.10644751161565010     
  0.21700000000000000      -0.10226962589302034      -0.10837308258985028     
  0.21710000000000002      -0.10130633272659309      -0.11028572232435652     
  0.21720000000000000      -0.10033113067482000      -0.11218539761738022     
  0.21730000000000002       -9.9344310432041533E-002 -0.11407208201347327     
  0.21740000000000001       -9.8346159159067817E-002 -0.11594575555670410     
  0.21750000000000000       -9.7336960349820159E-002 -0.11780640454512491     
  0.21760000000000002       -9.6316993711283314E-002 -0.11965402128712302     
  0.21770000000000000       -9.5286535056241572E-002 -0.12148860386019779     
  0.21780000000000002       -9.4245856208262271E-002 -0.12331015587265418     
  0.21790000000000001       -9.3195224918384528E-002 -0.12511868622865602     
  0.21800000000000000       -9.2134904792968375E-002 -0.12691420889703531     
  0.21810000000000002       -9.1065155232159939E-002 -0.12869674268420997     
  0.21820000000000001       -8.9986231378431300E-002 -0.13046631101151965     
  0.21830000000000002       -8.8898384074659192E-002 -0.13222294169724980     
  0.21840000000000001       -8.7801859831214329E-002 -0.13396666674357602     
  0.21850000000000000       -8.6696900801542576E-002 -0.13569752212862532     
  0.21860000000000002       -8.5583744765730163E-002 -0.13741554760381766     
  0.21870000000000001       -8.4462625121557763E-002 -0.13912078649662002     
  0.21880000000000002       -8.3333770882561720E-002 -0.14081328551881631     
  0.21890000000000001       -8.2197406682635393E-002 -0.14249309458036985     
  0.21900000000000000       -8.1053752786718891E-002 -0.14416026660893036     
  0.21910000000000002       -7.9903025107141534E-002 -0.14581485737501476     
  0.21920000000000001       -7.8745435225197682E-002 -0.14745692532287033     
  0.21930000000000002       -7.7581190417553500E-002 -0.14908653140701003     
  0.21940000000000001       -7.6410493687099068E-002 -0.15070373893439248     
  0.21950000000000000       -7.5233543797877278E-002 -0.15230861341220389     
  0.21960000000000002       -7.4050535313738064E-002 -0.15390122240118523     
  0.21970000000000001       -7.2861658640383214E-002 -0.15548163537443566     
  0.21980000000000002       -7.1667100070483977E-002 -0.15704992358161246     
  0.21990000000000001       -7.0467041831569863E-002 -0.15860615991843788     
  0.22000000000000000       -6.9261662136403404E-002 -0.16015041880141506     
  0.22010000000000002       -6.8051135235571159E-002 -0.16168277604764825     
  0.22020000000000001       -6.6835631472036819E-002 -0.16320330875965586     
  0.22030000000000002       -6.5615317337417073E-002 -0.16471209521506039     
  0.22040000000000001       -6.4390355529755319E-002 -0.16620921476103451     
  0.22050000000000000       -6.3160905012582313E-002 -0.16769474771337953     
  0.22060000000000002       -6.1927121075066233E-002 -0.16916877526010976     
  0.22070000000000001       -6.0689155393067649E-002 -0.17063137936941428     
  0.22080000000000002       -5.9447156090927149E-002 -0.17208264270186649     
  0.22090000000000001       -5.8201267803825348E-002 -0.17352264852675106     
  0.22100000000000000       -5.6951631740566333E-002 -0.17495148064237767     
  0.22110000000000002       -5.5698385746646331E-002 -0.17636922330025120     
  0.22120000000000001       -5.4441664367479790E-002 -0.17777596113296895     
  0.22130000000000002       -5.3181598911664775E-002 -0.17917177908571624     
  0.22140000000000001       -5.1918317514178899E-002 -0.18055676235123344     
  0.22150000000000000       -5.0651945199405767E-002 -0.18193099630812887     
  0.22160000000000002       -4.9382603943900281E-002 -0.18329456646241435     
  0.22170000000000001       -4.8110412738808984E-002 -0.18464755839214197     
  0.22180000000000000       -4.6835487651868991E-002 -0.18599005769502319     
  0.22190000000000001       -4.5557941888916112E-002 -0.18732214993891400     
  0.22200000000000000       -4.4277885854839265E-002 -0.18864392061505228     
  0.22210000000000002       -4.2995427213924485E-002 -0.18995545509393646     
  0.22220000000000001       -4.1710670949537565E-002 -0.19125683858373724     
  0.22230000000000000       -4.0423719423099830E-002 -0.19254815609113726     
  0.22240000000000001       -3.9134672432316546E-002 -0.19382949238449643     
  0.22250000000000000       -3.7843627268622254E-002 -0.19510093195924355     
  0.22260000000000002       -3.6550678773811650E-002 -0.19636255900539812     
  0.22270000000000001       -3.5255919395828825E-002 -0.19761445737712896     
  0.22280000000000000       -3.3959439243691415E-002 -0.19885671056425946     
  0.22290000000000001       -3.2661326141529785E-002 -0.20008940166563224     
  0.22300000000000000       -3.1361665681724687E-002 -0.20131261336424891     
  0.22310000000000002       -3.0060541277129805E-002 -0.20252642790410358     
  0.22320000000000001       -2.8758034212368475E-002 -0.20373092706863169     
  0.22330000000000000       -2.7454223694196422E-002 -0.20492619216069866     
  0.22340000000000002       -2.6149186900924753E-002 -0.20611230398405531     
  0.22350000000000000       -2.4842999030899642E-002 -0.20728934282619027     
  0.22360000000000002       -2.3535733350037176E-002 -0.20845738844251188     
  0.22370000000000001       -2.2227461238413630E-002 -0.20961652004179468     
  0.22380000000000000       -2.0918252235913152E-002 -0.21076681627282851     
  0.22390000000000002       -1.9608174086936402E-002 -0.21190835521221041     
  0.22400000000000000       -1.8297292784175009E-002 -0.21304121435322196     
  0.22410000000000002       -1.6985672611458058E-002 -0.21416547059573710     
  0.22420000000000001       -1.5673376185677886E-002 -0.21528120023710784     
  0.22430000000000000       -1.4360464497803560E-002 -0.21638847896397742     
  0.22440000000000002       -1.3046996952991300E-002 -0.21748738184497240     
  0.22450000000000001       -1.1733031409801913E-002 -0.21857798332422759     
  0.22460000000000002       -1.0418624218536081E-002 -0.21966035721569951     
  0.22470000000000001       -9.1038302586989722E-003 -0.22073457669822602     
  0.22480000000000000       -7.7887029756061928E-003 -0.22180071431129172     
  0.22490000000000002       -6.4732944161436283E-003 -0.22285884195146047     
  0.22500000000000001       -5.1576552636941192E-003 -0.22390903086943784     
  0.22510000000000002       -3.8418348722442939E-003 -0.22495135166772870     
  0.22520000000000001       -2.5258812996851875E-003 -0.22598587429885578     
  0.22530000000000000       -1.2098413403205204E-003 -0.22701266806410741     
  0.22540000000000002        1.0623944340327903E-004 -0.22803180161278375     
  0.22550000000000001        1.4223166899310676E-003 -0.22904334294191200     
  0.22560000000000002        2.7383472083826405E-003 -0.23004735939640336     
  0.22570000000000001        4.0542889490716057E-003 -0.23104391766962451     
  0.22580000000000000        5.3701009747450035E-003 -0.23203308380435883     
  0.22590000000000002        6.6857434325291731E-003 -0.23301492319413308     
  0.22600000000000001        8.0011775265673921E-003 -0.23398950058488668     
  0.22610000000000002        9.3163654913348513E-003 -0.23495688007696183     
  0.22620000000000001        1.0631270565616600E-002 -0.23591712512739363     
  0.22630000000000000        1.1945856967134178E-002 -0.23687029855248060     
  0.22640000000000002        1.3260089867806758E-002 -0.23781646253061675     
  0.22650000000000001        1.4573935369632751E-002 -0.23875567860536748     
  0.22660000000000002        1.5887360481177962E-002 -0.23968800768877227     
  0.22670000000000001        1.7200333094656541E-002 -0.24061351006485820     
  0.22680000000000000        1.8512821963591133E-002 -0.24153224539334900     
  0.22690000000000002        1.9824796681038811E-002 -0.24244427271355498     
  0.22700000000000001        2.1136227658369578E-002 -0.24334965044843049     
  0.22710000000000002        2.2447086104584381E-002 -0.24424843640878538     
  0.22720000000000001        2.3757344006159826E-002 -0.24514068779763848     
  0.22730000000000000        2.5066974107406943E-002 -0.24602646121470123     
  0.22740000000000002        2.6375949891331622E-002 -0.24690581266098038     
  0.22750000000000001        2.7684245560984488E-002 -0.24777879754348925     
  0.22760000000000002        2.8991836021288252E-002 -0.24864547068005757     
  0.22770000000000001        3.0298696861330809E-002 -0.24950588630423060     
  0.22780000000000000        3.1604804337112512E-002 -0.25036009807024839     
  0.22790000000000002        3.2910135354736331E-002 -0.25120815905809712     
  0.22800000000000001        3.4214667454029873E-002 -0.25205012177862418     
  0.22810000000000000        3.5518378792588318E-002 -0.25288603817870958     
  0.22820000000000001        3.6821248130227732E-002 -0.25371595964648685     
  0.22830000000000000        3.8123254813838318E-002 -0.25453993701660638     
  0.22840000000000002        3.9424378762627450E-002 -0.25535802057553503     
  0.22850000000000001        4.0724600453742536E-002 -0.25617026006688609     
  0.22860000000000000        4.2023900908263981E-002 -0.25697670469677386     
  0.22870000000000001        4.3322261677558753E-002 -0.25777740313918773     
  0.22880000000000000        4.4619664829985264E-002 -0.25857240354138061     
  0.22890000000000002        4.5916092937940474E-002 -0.25936175352926705     
  0.22900000000000001        4.7211529065240385E-002 -0.26014550021282673     
  0.22910000000000000        4.8505956754825254E-002 -0.26092369019150929     
  0.22920000000000001        4.9799360016781091E-002 -0.26169636955963632     
  0.22930000000000000        5.1091723316669196E-002 -0.26246358391179703     
  0.22940000000000002        5.2383031564155705E-002 -0.26322537834823434     
  0.22950000000000001        5.3673270101933269E-002 -0.26398179748021805     
  0.22960000000000000        5.4962424694927271E-002 -0.26473288543540202     
  0.22970000000000002        5.6250481519779079E-002 -0.26547868586316276     
  0.22980000000000000        5.7537427154599065E-002 -0.26621924193991670     
  0.22990000000000002        5.8823248568982328E-002 -0.26695459637441382     
  0.23000000000000001        6.0107933114280185E-002 -0.26768479141300527     
  0.23010000000000000        6.1391468514120702E-002 -0.26840986884488305     
  0.23020000000000002        6.2673842855171705E-002 -0.26912987000728955     
  0.23030000000000000        6.3955044578139900E-002 -0.26984483579069551     
  0.23040000000000002        6.5235062468999794E-002 -0.27055480664394427     
  0.23050000000000001        6.6513885650446469E-002 -0.27125982257936121     
  0.23060000000000000        6.7791503573566225E-002 -0.27195992317782669     
  0.23070000000000002        6.9067906009719335E-002 -0.27265514759381138     
  0.23080000000000001        7.0343083042629331E-002 -0.27334553456037253     
  0.23090000000000002        7.1617025060673370E-002 -0.27403112239411032     
  0.23100000000000001        7.2889722749368335E-002 -0.27471194900008328     
  0.23110000000000000        7.4161167084047561E-002 -0.27538805187668175     
  0.23120000000000002        7.5431349322723065E-002 -0.27605946812045862     
  0.23130000000000001        7.6700260999128453E-002 -0.27672623443091665     
  0.23140000000000002        7.7967893915937697E-002 -0.27738838711525177     
  0.23150000000000001        7.9234240138155165E-002 -0.27804596209305155     
  0.23160000000000000        8.0499291986672328E-002 -0.27869899490094874     
  0.23170000000000002        8.1763042031986824E-002 -0.27934752069722896     
  0.23180000000000001        8.3025483088079569E-002 -0.27999157426639248     
  0.23190000000000002        8.4286608206445679E-002 -0.28063119002366971     
  0.23200000000000001        8.5546410670275297E-002 -0.28126640201948988     
  0.23210000000000000        8.6804883988780238E-002 -0.28189724394390320     
  0.23220000000000002        8.8062021891662706E-002 -0.28252374913095574     
  0.23230000000000001        8.9317818323722306E-002 -0.28314595056301733     
  0.23240000000000002        9.0572267439597703E-002 -0.28376388087506232     
  0.23250000000000001        9.1825363598639492E-002 -0.28437757235890287     
  0.23260000000000000        9.3077101359910680E-002 -0.28498705696737520     
  0.23270000000000002        9.4327475477311601E-002 -0.28559236631847851     
  0.23280000000000001        9.5576480894825872E-002 -0.28619353169946676     
  0.23290000000000002        9.6824112741884322E-002 -0.28679058407089336     
  0.23300000000000001        9.8070366328843750E-002 -0.28738355407060895     
  0.23310000000000000        9.9315237142577520E-002 -0.28797247201771231     
  0.23320000000000002       0.10055872084217514      -0.28855736791645481     
  0.23330000000000001       0.10180081325474789      -0.28913827146009818     
  0.23340000000000002       0.10304151037133782      -0.28971521203472639     
  0.23350000000000001       0.10428080834292738      -0.29028821872301119     
  0.23360000000000000       0.10551870347654711      -0.29085732030793238     
  0.23370000000000002       0.10675519223147881      -0.29142254527645228     
  0.23380000000000001       0.10799027121555174      -0.29198392182314531     
  0.23390000000000002       0.10922393718152947      -0.29254147785378254     
  0.23400000000000001       0.11045618702358491      -0.29309524098887196     
  0.23410000000000000       0.11168701777386149      -0.29364523856715447     
  0.23420000000000002       0.11291642659911798      -0.29419149764905600     
  0.23430000000000001       0.11414441079745503      -0.29473404502009631     
  0.23440000000000003       0.11537096779512121      -0.29527290719425447     
  0.23450000000000001       0.11659609514339649      -0.29580811041729188     
  0.23460000000000000       0.11781979051555132      -0.29633968067003269     
  0.23470000000000002       0.11904205170387921      -0.29686764367160257     
  0.23480000000000001       0.12026287661680103      -0.29739202488262562     
  0.23490000000000000       0.12148226327603913      -0.29791284950838037     
  0.23500000000000001       0.12270020981385958      -0.29843014250191491     
  0.23510000000000000       0.12391671447038076      -0.29894392856712171     
  0.23520000000000002       0.12513177559094660      -0.29945423216177264     
  0.23530000000000001       0.12634539162356273      -0.29996107750051426     
  0.23540000000000000       0.12755756111639432      -0.30046448855782432     
  0.23550000000000001       0.12876828271532353      -0.30096448907092938     
  0.23560000000000000       0.12997755516156539      -0.30146110254268432     
  0.23570000000000002       0.13118537728934063      -0.30195435224441414     
  0.23580000000000001       0.13239174802360384      -0.30244426121871820     
  0.23590000000000000       0.13359666637782588      -0.30293085228223765     
  0.23600000000000002       0.13480013145182879      -0.30341414802838634     
  0.23610000000000000       0.13600214242967215      -0.30389417083004566     
  0.23620000000000002       0.13720269857758957      -0.30437094284222366     
  0.23630000000000001       0.13840179924197396      -0.30484448600467906     
  0.23640000000000000       0.13959944384741046      -0.30531482204451038     
  0.23650000000000002       0.14079563189475580      -0.30578197247871070     
  0.23660000000000000       0.14199036295926287      -0.30624595861668852     
  0.23670000000000002       0.14318363668874959      -0.30670680156275509     
  0.23680000000000001       0.14437545280181072      -0.30716452221857860     
  0.23690000000000000       0.14556581108607167      -0.30761914128560569     
  0.23700000000000002       0.14675471139648330      -0.30807067926745080     
  0.23710000000000001       0.14794215365365668      -0.30851915647225342     
  0.23720000000000002       0.14912813784223675      -0.30896459301500417     
  0.23730000000000001       0.15031266400931403      -0.30940700881983968     
  0.23740000000000000       0.15149573226287341      -0.30984642362230674     
  0.23750000000000002       0.15267734277027900      -0.31028285697159652     
  0.23760000000000001       0.15385749575679439      -0.31071632823274864     
  0.23770000000000002       0.15503619150413722      -0.31114685658882602     
  0.23780000000000001       0.15621343034906740      -0.31157446104306047     
  0.23790000000000000       0.15738921268200798      -0.31199916042096987     
  0.23800000000000002       0.15856353894569808      -0.31242097337244684     
  0.23810000000000001       0.15973640963387695      -0.31283991837381964     
  0.23820000000000002       0.16090782528999845      -0.31325601372988549     
  0.23830000000000001       0.16207778650597524      -0.31366927757591684     
  0.23840000000000000       0.16324629392095191      -0.31407972787964067     
  0.23850000000000002       0.16441334822010648      -0.31448738244319163     
  0.23860000000000001       0.16557895013347929      -0.31489225890503886     
  0.23870000000000002       0.16674310043482901      -0.31529437474188732     
  0.23880000000000001       0.16790579994051488      -0.31569374727055377     
  0.23890000000000000       0.16906704950840451      -0.31609039364981761     
  0.23900000000000002       0.17022685003680682      -0.31648433088224720     
  0.23910000000000001       0.17138520246342942      -0.31687557581600179     
  0.23920000000000002       0.17254210776435974      -0.31726414514660961     
  0.23930000000000001       0.17369756695306957      -0.31765005541872227     
  0.23940000000000000       0.17485158107944221      -0.31803332302784576     
  0.23950000000000002       0.17600415122882193      -0.31841396422204871     
  0.23960000000000001       0.17715527852108504      -0.31879199510364764     
  0.23970000000000002       0.17830496410973209      -0.31916743163087030     
  0.23980000000000001       0.17945320918100080      -0.31954028961949665     
  0.23990000000000000       0.18060001495299904      -0.31991058474447831     
  0.24000000000000002       0.18174538267485763      -0.32027833254153648     
  0.24010000000000001       0.18288931362590224      -0.32064354840873888     
  0.24020000000000002       0.18403180911484424      -0.32100624760805585     
  0.24030000000000001       0.18517287047898967      -0.32136644526689589     
  0.24040000000000000       0.18631249908346631      -0.32172415637962098     
  0.24050000000000002       0.18745069632046812      -0.32207939580904205     
  0.24060000000000001       0.18858746360851680      -0.32243217828789472     
  0.24070000000000003       0.18972280239174000      -0.32278251842029576     
  0.24080000000000001       0.19085671413916591      -0.32313043068318026     
  0.24090000000000000       0.19198920034403369      -0.32347592942772013     
  0.24100000000000002       0.19312026252311945      -0.32381902888072411     
  0.24110000000000001       0.19424990221607744      -0.32415974314601931     
  0.24120000000000000       0.19537812098479607      -0.32449808620581477     
  0.24130000000000001       0.19650492041276843      -0.32483407192204733     
  0.24140000000000000       0.19763030210447696      -0.32516771403770989     
  0.24150000000000002       0.19875426768479196      -0.32549902617816240     
  0.24160000000000001       0.19987681879838357      -0.32582802185242588     
  0.24170000000000000       0.20099795710914703      -0.32615471445445954     
  0.24180000000000001       0.20211768429964083      -0.32647911726442153     
  0.24190000000000000       0.20323600207053738      -0.32680124344991313     
  0.24200000000000002       0.20435291214008608      -0.32712110606720718     
  0.24210000000000001       0.20546841624358844      -0.32743871806246039     
  0.24220000000000000       0.20658251613288492      -0.32775409227291014     
  0.24230000000000002       0.20769521357585324      -0.32806724142805582     
  0.24240000000000000       0.20880651035591805      -0.32837817815082515     
  0.24250000000000002       0.20991640827157140      -0.32868691495872532     
  0.24260000000000001       0.21102490913590413      -0.32899346426497950     
  0.24270000000000000       0.21213201477614757      -0.32929783837964877     
  0.24280000000000002       0.21323772703322560      -0.32960004951073973     
  0.24290000000000000       0.21434204776131677      -0.32990010976529799     
  0.24300000000000002       0.21544497882742605      -0.33019803115048768     
  0.24310000000000001       0.21654652211096637      -0.33049382557465729     
  0.24320000000000000       0.21764667950334929      -0.33078750484839192     
  0.24330000000000002       0.21874545290758504      -0.33107908068555225     
  0.24340000000000001       0.21984284423789135      -0.33136856470430026     
  0.24350000000000002       0.22093885541931108      -0.33165596842811207     
  0.24360000000000001       0.22203348838733836      -0.33194130328677790     
  0.24370000000000000       0.22312674508755317      -0.33222458061738946     
  0.24380000000000002       0.22421862747526405      -0.33250581166531501     
  0.24390000000000001       0.22530913751515877      -0.33278500758516205     
  0.24400000000000002       0.22639827718096284      -0.33306217944172795     
  0.24410000000000001       0.22748604845510567      -0.33333733821093869     
  0.24420000000000000       0.22857245332839421      -0.33361049478077592     
  0.24430000000000002       0.22965749379969383      -0.33388165995219232     
  0.24440000000000001       0.23074117187561638      -0.33415084444001564     
  0.24450000000000002       0.23182348957021529      -0.33441805887384141     
  0.24460000000000001       0.23290444890468742      -0.33468331379891469     
  0.24470000000000000       0.23398405190708166      -0.33494661967700079     
  0.24480000000000002       0.23506230061201397      -0.33520798688724512     
  0.24490000000000001       0.23613919706038891      -0.33546742572702265     
  0.24500000000000002       0.23721474329912737      -0.33572494641277667     
  0.24510000000000001       0.23828894138090040      -0.33598055908084729     
  0.24520000000000000       0.23936179336386909      -0.33623427378828974     
  0.24530000000000002       0.24043330131143020      -0.33648610051368266     
  0.24540000000000001       0.24150346729196762      -0.33673604915792643     
  0.24550000000000002       0.24257229337860928      -0.33698412954503171     
  0.24560000000000001       0.24363978164898972      -0.33723035142289837     
  0.24570000000000000       0.24470593418501788      -0.33747472446408494     
  0.24580000000000002       0.24577075307265009      -0.33771725826656873     
  0.24590000000000001       0.24683424040166838      -0.33795796235449660     
  0.24600000000000002       0.24789639826546361      -0.33819684617892670     
  0.24610000000000001       0.24895722876082363      -0.33843391911856119     
  0.24620000000000000       0.25001673398772611      -0.33866919048047006     
  0.24630000000000002       0.25107491604913623      -0.33890266950080633     
  0.24640000000000001       0.25213177705080880      -0.33913436534551250     
  0.24650000000000002       0.25318731910109499      -0.33936428711101857     
  0.24660000000000001       0.25424154431075335      -0.33959244382493170     
  0.24670000000000000       0.25529445479276536      -0.33981884444671756     
  0.24680000000000002       0.25634605266215488      -0.34004349786837351     
  0.24690000000000001       0.25739634003581191      -0.34026641291509374     
  0.24700000000000003       0.25844531903232038      -0.34048759834592657     
  0.24710000000000001       0.25949299177178980      -0.34070706285442381     
  0.24720000000000000       0.26053936037569086      -0.34092481506928246     
  0.24730000000000002       0.26158442696669471      -0.34114086355497875     
  0.24740000000000001       0.26262819366851597      -0.34135521681239478     
  0.24750000000000003       0.26367066260575950      -0.34156788327943760     
  0.24760000000000001       0.26471183590377045      -0.34177887133165114     
  0.24770000000000000       0.26575171568848804      -0.34198818928282082     
  0.24780000000000002       0.26679030408630250      -0.34219584538557107     
  0.24790000000000001       0.26782760322391547      -0.34240184783195593     
  0.24800000000000000       0.26886361522820362      -0.34260620475404263     
  0.24810000000000001       0.26989834222608544      -0.34280892422448833     
  0.24820000000000000       0.27093178634439113      -0.34301001425711020     
  0.24830000000000002       0.27196394970973553      -0.34320948280744884     
  0.24840000000000001       0.27299483444839406      -0.34340733777332522     
  0.24850000000000000       0.27402444268618165      -0.34360358699539090     
  0.24860000000000002       0.27505277654833427      -0.34379823825767220     
  0.24870000000000000       0.27607983815939358      -0.34399129928810784     
  0.24880000000000002       0.27710562964309410      -0.34418277775908052     
  0.24890000000000001       0.27813015312225314      -0.34437268128794224     
  0.24900000000000000       0.27915341071866329      -0.34456101743753370     
  0.24910000000000002       0.28017540455298751      -0.34474779371669767     
  0.24920000000000000       0.28119613674465682      -0.34493301758078643     
  0.24930000000000002       0.28221560941177032      -0.34511669643216347     
  0.24940000000000001       0.28323382467099767      -0.34529883762069957     
  0.24950000000000000       0.28425078463748393      -0.34547944844426298     
  0.24960000000000002       0.28526649142475674      -0.34565853614920417     
  0.24970000000000001       0.28628094714463564      -0.34583610793083502     
  0.24980000000000002       0.28729415390714375      -0.34601217093390269     
  0.24990000000000001       0.28830611382042143      -0.34618673225305796     
  0.25000000000000000       0.28931682899064237      -0.34635979893331847     
  0.25009999999999999       0.29032630152193140      -0.34653137797052652     
  0.25020000000000003       0.29133453351628452      -0.34670147631180187     
  0.25030000000000002       0.29234152707349098      -0.34687010085598941     
  0.25040000000000001       0.29334728429105711      -0.34703725845410183     
  0.25050000000000000       0.29435180726413218      -0.34720295590975725     
  0.25059999999999999       0.29535509808543614      -0.34736719997961207     
  0.25070000000000003       0.29635715884518921      -0.34752999737378898     
  0.25080000000000002       0.29735799163104304      -0.34769135475630009     
  0.25090000000000001       0.29835759852801397      -0.34785127874546551     
  0.25100000000000000       0.29935598161841764      -0.34800977591432719     
  0.25109999999999999       0.30035314298180565      -0.34816685279105819     
  0.25120000000000003       0.30134908469490351      -0.34832251585936747     
  0.25130000000000002       0.30234380883155043      -0.34847677155890017     
  0.25140000000000001       0.30333731746264064      -0.34862962628563354     
  0.25150000000000000       0.30432961265606617      -0.34878108639226840     
  0.25159999999999999       0.30532069647666127      -0.34893115818861647     
  0.25170000000000003       0.30631057098614817      -0.34907984794198332     
  0.25180000000000002       0.30729923824308442      -0.34922716187754721     
  0.25190000000000001       0.30828670030281158      -0.34937310617873374     
  0.25200000000000000       0.30927295921740527      -0.34951768698758651     
  0.25209999999999999       0.31025801703562661      -0.34966091040513364     
  0.25220000000000004       0.31124187580287499      -0.34980278249175040     
  0.25230000000000002       0.31222453756114221      -0.34994330926751788     
  0.25240000000000001       0.31320600434896778      -0.35008249671257774     
  0.25250000000000000       0.31418627820139555      -0.35022035076748326     
  0.25259999999999999       0.31516536114993154      -0.35035687733354648     
  0.25270000000000004       0.31614325522250292      -0.35049208227318163     
  0.25280000000000002       0.31711996244341817      -0.35062597141024493     
  0.25290000000000001       0.31809548483332861      -0.35075855053037069     
  0.25300000000000000       0.31906982440919068      -0.35088982538130392     
  0.25309999999999999       0.32004298318422958      -0.35101980167322916     
  0.25320000000000004       0.32101496316790390      -0.35114848507909613     
  0.25330000000000003       0.32198576636587134      -0.35127588123494163     
  0.25340000000000001       0.32295539477995544      -0.35140199574020820     
  0.25350000000000000       0.32392385040811333      -0.35152683415805930     
  0.25359999999999999       0.32489113524440449      -0.35165040201569125     
  0.25370000000000004       0.32585725127896042      -0.35177270480464179     
  0.25380000000000003       0.32682220049795530      -0.35189374798109541     
  0.25390000000000001       0.32778598488357757      -0.35201353696618559     
  0.25400000000000000       0.32874860641400250      -0.35213207714629363     
  0.25409999999999999       0.32971006706336548      -0.35224937387334454     
  0.25420000000000004       0.33067036880173634      -0.35236543246509983     
  0.25430000000000003       0.33162951359509441      -0.35248025820544709     
  0.25440000000000002       0.33258750340530452      -0.35259385634468671     
  0.25450000000000000       0.33354434019009371      -0.35270623209981550     
  0.25459999999999999       0.33450002590302885      -0.35281739065480749     
  0.25470000000000004       0.33545456249349503      -0.35292733716089170     
  0.25480000000000003       0.33640795190667461      -0.35303607673682713     
  0.25490000000000002       0.33736019608352708      -0.35314361446917486     
  0.25500000000000000       0.33831129696076973      -0.35324995541256726     
  0.25509999999999999       0.33926125647085897      -0.35335510458997466     
  0.25520000000000004       0.34021007654197233      -0.35345906699296908     
  0.25530000000000003       0.34115775909799118      -0.35356184758198528     
  0.25540000000000002       0.34210430605848419      -0.35366345128657922     
  0.25550000000000000       0.34304971933869138      -0.35376388300568384     
  0.25559999999999999       0.34399400084950876      -0.35386314760786219     
  0.25570000000000004       0.34493715249747375      -0.35396124993155803     
  0.25580000000000003       0.34587917618475111      -0.35405819478534384     
  0.25590000000000002       0.34682007380911956      -0.35415398694816647     
  0.25600000000000001       0.34775984726395887      -0.35424863116959004     
  0.25609999999999999       0.34869849843823764      -0.35434213217003657     
  0.25620000000000004       0.34963602921650161      -0.35443449464102417     
  0.25630000000000003       0.35057244147886252      -0.35452572324540271     
  0.25640000000000002       0.35150773710098759      -0.35461582261758734     
  0.25650000000000001       0.35244191795408941      -0.35470479736378946     
  0.25659999999999999       0.35337498590491645      -0.35479265206224542     
  0.25670000000000004       0.35430694281574404      -0.35487939126344298     
  0.25680000000000003       0.35523779054436583      -0.35496501949034559     
  0.25690000000000002       0.35616753094408576      -0.35504954123861421     
  0.25700000000000001       0.35709616586371057      -0.35513296097682712     
  0.25710000000000000       0.35802369714754262      -0.35521528314669742     
  0.25720000000000004       0.35895012663537340      -0.35529651216328856     
  0.25730000000000003       0.35987545616247729      -0.35537665241522748     
  0.25740000000000002       0.36079968755960579      -0.35545570826491585     
  0.25750000000000001       0.36172282265298222      -0.35553368404873914     
  0.25760000000000000       0.36264486326429696      -0.35561058407727369     
  0.25769999999999998       0.36356581121070281      -0.35568641263549167     
  0.25780000000000003       0.36448566830481099      -0.35576117398296397     
  0.25790000000000002       0.36540443635468745      -0.35583487235406142     
  0.25800000000000001       0.36632211716384960      -0.35590751195815357     
  0.25810000000000000       0.36723871253126339      -0.35597909697980601     
  0.25819999999999999       0.36815422425134070      -0.35604963157897540     
  0.25830000000000003       0.36906865411393719      -0.35611911989120282     
  0.25840000000000002       0.36998200390435043      -0.35618756602780510     
  0.25850000000000001       0.37089427540331849      -0.35625497407606449     
  0.25860000000000000       0.37180547038701861      -0.35632134809941624     
  0.25869999999999999       0.37271559062706655      -0.35638669213763463     
  0.25880000000000003       0.37362463789051598      -0.35645101020701697     
  0.25890000000000002       0.37453261393985826      -0.35651430630056608     
  0.25900000000000001       0.37543952053302265      -0.35657658438817069     
  0.25910000000000000       0.37634535942337660      -0.35663784841678453     
  0.25919999999999999       0.37725013235972649      -0.35669810231060328     
  0.25930000000000003       0.37815384108631861      -0.35675734997124015     
  0.25940000000000002       0.37905648734284053      -0.35681559527789963     
  0.25950000000000001       0.37995807286442251      -0.35687284208754966     
  0.25960000000000000       0.38085859938163935      -0.35692909423509206     
  0.25969999999999999       0.38175806862051248      -0.35698435553353147     
  0.25980000000000003       0.38265648230251231      -0.35703862977414264     
  0.25990000000000002       0.38355384214456079      -0.35709192072663604     
  0.26000000000000001       0.38445014985903414      -0.35714423213932206     
  0.26010000000000000       0.38534540715376603      -0.35719556773927369     
  0.26019999999999999       0.38623961573205084      -0.35724593123248743     
  0.26030000000000003       0.38713277729264717      -0.35729532630404293     
  0.26040000000000002       0.38802489352978153      -0.35734375661826101     
  0.26050000000000001       0.38891596613315232      -0.35739122581886029     
  0.26060000000000000       0.38980599678793409      -0.35743773752911229     
  0.26069999999999999       0.39069498717478179      -0.35748329535199508     
  0.26080000000000003       0.39158293896983537      -0.35752790287034553     
  0.26090000000000002       0.39246985384472466      -0.35757156364701015     
  0.26100000000000001       0.39335573346657415      -0.35761428122499450     
  0.26110000000000000       0.39424057949800834      -0.35765605912761123     
  0.26119999999999999       0.39512439359715690      -0.35769690085862677     
  0.26130000000000003       0.39600717741766034      -0.35773680990240669     
  0.26140000000000002       0.39688893260867558      -0.35777578972405966     
  0.26150000000000001       0.39776966081488185      -0.35781384376958009     
  0.26160000000000000       0.39864936367648668      -0.35785097546598954     
  0.26169999999999999       0.39952804282923216      -0.35788718822147675     
  0.26180000000000003       0.40040569990440117      -0.35792248542553634     
  0.26190000000000002       0.40128233652882400      -0.35795687044910646     
  0.26200000000000001       0.40215795432488494      -0.35799034664470497     
  0.26210000000000000       0.40303255491052903      -0.35802291734656444     
  0.26219999999999999       0.40390613989926905      -0.35805458587076600     
  0.26230000000000003       0.40477871090019252      -0.35808535551537185     
  0.26240000000000002       0.40565026951796901      -0.35811522956055675     
  0.26250000000000001       0.40652081735285739      -0.35814421126873802     
  0.26260000000000000       0.40739035600071333      -0.35817230388470472     
  0.26269999999999999       0.40825888705299684      -0.35819951063574546     
  0.26280000000000003       0.40912641209678013      -0.35822583473177511     
  0.26290000000000002       0.40999293271475523      -0.35825127936546031     
  0.26300000000000001       0.41085845048524211      -0.35827584771234394     
  0.26310000000000000       0.41172296698219663      -0.35829954293096850     
  0.26319999999999999       0.41258648377521873      -0.35832236816299823     
  0.26330000000000003       0.41344900242956073      -0.35834432653334036     
  0.26340000000000002       0.41431052450613565      -0.35836542115026510     
  0.26350000000000001       0.41517105156152573      -0.35838565510552456     
  0.26360000000000000       0.41603058514799102      -0.35840503147447089     
  0.26369999999999999       0.41688912681347795      -0.35842355331617293     
  0.26380000000000003       0.41774667810162819      -0.35844122367353226     
  0.26390000000000002       0.41860324055178744      -0.35845804557339789     
  0.26400000000000001       0.41945881569901439      -0.35847402202668016     
  0.26410000000000000       0.42031340507408965      -0.35848915602846354     
  0.26419999999999999       0.42116701020352498      -0.35850345055811844     
  0.26430000000000003       0.42201963260957237      -0.35851690857941210     
  0.26440000000000002       0.42287127381023332      -0.35852953304061841     
  0.26450000000000001       0.42372193531926822      -0.35854132687462686     
  0.26460000000000000       0.42457161864620563      -0.35855229299905050     
  0.26469999999999999       0.42542032529635188      -0.35856243431633300     
  0.26480000000000004       0.42626805677080049      -0.35857175371385464     
  0.26490000000000002       0.42711481456644185      -0.35858025406403754     
  0.26500000000000001       0.42796060017597282      -0.35858793822445001     
  0.26510000000000000       0.42880541508790654      -0.35859480903790975     
  0.26519999999999999       0.42964926078658217      -0.35860086933258639     
  0.26530000000000004       0.43049213875217468      -0.35860612192210312     
  0.26540000000000002       0.43133405046070483      -0.35861056960563731     
  0.26550000000000001       0.43217499738404908      -0.35861421516802039     
  0.26560000000000000       0.43301498098994962      -0.35861706137983684     
  0.26569999999999999       0.43385400274202435      -0.35861911099752231     
  0.26580000000000004       0.43469206409977706      -0.35862036676346087     
  0.26590000000000003       0.43552916651860757      -0.35862083140608159     
  0.26600000000000001       0.43636531144982182      -0.35862050763995407     
  0.26610000000000000       0.43720050034064228      -0.35861939816588334     
  0.26619999999999999       0.43803473463421805      -0.35861750567100381     
  0.26630000000000004       0.43886801576963519      -0.35861483282887252     
  0.26640000000000003       0.43970034518192719      -0.35861138229956158     
  0.26650000000000001       0.44053172430208526      -0.35860715672974980     
  0.26660000000000000       0.44136215455706873      -0.35860215875281365     
  0.26669999999999999       0.44219163736981559      -0.35859639098891721     
  0.26680000000000004       0.44302017415925293      -0.35858985604510168     
  0.26690000000000003       0.44384776634030743      -0.35858255651537385     
  0.26700000000000002       0.44467441532391594      -0.35857449498079408     
  0.26710000000000000       0.44550012251703602      -0.35856567400956330     
  0.26719999999999999       0.44632488932265657      -0.35855609615710948     
  0.26730000000000004       0.44714871713980842      -0.35854576396617327     
  0.26740000000000003       0.44797160736357500      -0.35853467996689292     
  0.26750000000000002       0.44879356138510301      -0.35852284667688861     
  0.26760000000000000       0.44961458059161308      -0.35851026660134594     
  0.26769999999999999       0.45043466636641044      -0.35849694223309880     
  0.26780000000000004       0.45125382008889581      -0.35848287605271151     
  0.26790000000000003       0.45207204313457594      -0.35846807052856033     
  0.26800000000000002       0.45288933687507449      -0.35845252811691425     
  0.26810000000000000       0.45370570267814275      -0.35843625126201517     
  0.26819999999999999       0.45452114190767051      -0.35841924239615741     
  0.26830000000000004       0.45533565592369674      -0.35840150393976644     
  0.26840000000000003       0.45614924608242047      -0.35838303830147716     
  0.26850000000000002       0.45696191373621164      -0.35836384787821146     
  0.26860000000000001       0.45777366023362193      -0.35834393505525503     
  0.26869999999999999       0.45858448691939552      -0.35832330220633374     
  0.26880000000000004       0.45939439513448005      -0.35830195169368922     
  0.26890000000000003       0.46020338621603740      -0.35827988586815401     
  0.26900000000000002       0.46101146149745459      -0.35825710706922587     
  0.26910000000000001       0.46181862230835463      -0.35823361762514172     
  0.26919999999999999       0.46262486997460739      -0.35820941985295079     
  0.26930000000000004       0.46343020581834049      -0.35818451605858731     
  0.26940000000000003       0.46423463115795022      -0.35815890853694254     
  0.26950000000000002       0.46503814730811233      -0.35813259957193627     
  0.26960000000000001       0.46584075557979293      -0.35810559143658766     
  0.26970000000000000       0.46664245728025949      -0.35807788639308558     
  0.26980000000000004       0.46744325371309153      -0.35804948669285835     
  0.26990000000000003       0.46824314617819168      -0.35802039457664303     
  0.27000000000000002       0.46904213597179645      -0.35799061227455398     
  0.27010000000000001       0.46984022438648709      -0.35796014200615101     
  0.27020000000000000       0.47063741271120052      -0.35792898598050688     
  0.27030000000000004       0.47143370223124020      -0.35789714639627435     
  0.27040000000000003       0.47222909422828696      -0.35786462544175268     
  0.27050000000000002       0.47302358998040983      -0.35783142529495360     
  0.27060000000000001       0.47381719076207696      -0.35779754812366660     
  0.27070000000000000       0.47460989784416641      -0.35776299608552403     
  0.27080000000000004       0.47540171249397700      -0.35772777132806538     
  0.27090000000000003       0.47619263597523914      -0.35769187598880120     
  0.27100000000000002       0.47698266954812568      -0.35765531219527652     
  0.27110000000000001       0.47777181446926259      -0.35761808206513368     
  0.27120000000000000       0.47856007199173994      -0.35758018770617478     
  0.27129999999999999       0.47934744336512258      -0.35754163121642357     
  0.27140000000000003       0.48013392983546088      -0.35750241468418686     
  0.27150000000000002       0.48091953264530157      -0.35746254018811546     
  0.27160000000000001       0.48170425303369852      -0.35742200979726463     
  0.27170000000000000       0.48248809223622341      -0.35738082557115408     
  0.27179999999999999       0.48327105148497651      -0.35733898955982751     
  0.27190000000000003       0.48405313200859734      -0.35729650380391165     
  0.27200000000000002       0.48483433503227535      -0.35725337033467486     
  0.27210000000000001       0.48561466177776075      -0.35720959117408529     
  0.27220000000000000       0.48639411346337502      -0.35716516833486861     
  0.27229999999999999       0.48717269130402169      -0.35712010382056514     
  0.27240000000000003       0.48795039651119687      -0.35707439962558685     
  0.27250000000000002       0.48872723029299997      -0.35702805773527357     
  0.27260000000000001       0.48950319385414426      -0.35698108012594904     
  0.27270000000000000       0.49027828839596743      -0.35693346876497628     
  0.27279999999999999       0.49105251511644227      -0.35688522561081287     
  0.27290000000000003       0.49182587521018706      -0.35683635261306546     
  0.27300000000000002       0.49259836986847627      -0.35678685171254398     
  0.27310000000000001       0.49337000027925104      -0.35673672484131563     
  0.27320000000000000       0.49414076762712961      -0.35668597392275819     
  0.27329999999999999       0.49491067309341785      -0.35663460087161303     
  0.27340000000000003       0.49567971785611975      -0.35658260759403776     
  0.27350000000000002       0.49644790308994780      -0.35652999598765844     
  0.27360000000000001       0.49721522996633344      -0.35647676794162131     
  0.27370000000000000       0.49798169965343747      -0.35642292533664427     
  0.27379999999999999       0.49874731331616046      -0.35636847004506800     
  0.27390000000000003       0.49951207211615306      -0.35631340393090644     
  0.27400000000000002       0.50027597721182626      -0.35625772884989715     
  0.27410000000000001       0.50103902975836201      -0.35620144664955117     
  0.27420000000000000       0.50180123090772322      -0.35614455916920257     
  0.27429999999999999       0.50256258180866409      -0.35608706824005754     
  0.27440000000000003       0.50332308360674038      -0.35602897568524317     
  0.27450000000000002       0.50408273744431975      -0.35597028331985586     
  0.27460000000000001       0.50484154446059182      -0.35591099295100942     
  0.27470000000000000       0.50559950579157842      -0.35585110637788270     
  0.27479999999999999       0.50635662257014369      -0.35579062539176692     
  0.27490000000000003       0.50711289592600439      -0.35572955177611265     
  0.27500000000000002       0.50786832698573980      -0.35566788730657650     
  0.27510000000000001       0.50862291687280192      -0.35560563375106735     
  0.27520000000000000       0.50937666670752546      -0.35554279286979223     
  0.27529999999999999       0.51012957760713806      -0.35547936641530209     
  0.27540000000000003       0.51088165068577007      -0.35541535613253694     
  0.27550000000000002       0.51163288705446475      -0.35535076375887081     
  0.27560000000000001       0.51238328782118814      -0.35528559102415636     
  0.27570000000000000       0.51313285409083897      -0.35521983965076909     
  0.27579999999999999       0.51388158696525865      -0.35515351135365142     
  0.27590000000000003       0.51462948754324112      -0.35508660784035617     
  0.27600000000000002       0.51537655692054263      -0.35501913081108999     
  0.27610000000000001       0.51612279618989187      -0.35495108195875630     
  0.27620000000000000       0.51686820644099951      -0.35488246296899795     
  0.27629999999999999       0.51761278876056804      -0.35481327552023956     
  0.27640000000000003       0.51835654423230160      -0.35474352128372966     
  0.27650000000000002       0.51909947393691569      -0.35467320192358243     
  0.27660000000000001       0.51984157895214689      -0.35460231909681905     
  0.27670000000000000       0.52058286035276258      -0.35453087445340892     
  0.27679999999999999       0.52132331921057051      -0.35445886963631051     
  0.27690000000000003       0.52206295659442847      -0.35438630628151196     
  0.27700000000000002       0.52280177357025392      -0.35431318601807121     
  0.27710000000000001       0.52353977120103357      -0.35423951046815610     
  0.27720000000000000       0.52427695054683288      -0.35416528124708402     
  0.27729999999999999       0.52501331266480566      -0.35409049996336123     
  0.27740000000000004       0.52574885860920362      -0.35401516821872209     
  0.27750000000000002       0.52648358943138562      -0.35393928760816784     
  0.27760000000000001       0.52721750617982732      -0.35386285972000520     
  0.27770000000000000       0.52795060990013054      -0.35378588613588458     
  0.27779999999999999       0.52868290163503262      -0.35370836843083814     
  0.27790000000000004       0.52941438242441585      -0.35363030817331748     
  0.27800000000000002       0.53014505330531680      -0.35355170692523119     
  0.27810000000000001       0.53087491531193542      -0.35347256624198203     
  0.27820000000000000       0.53160396947564459      -0.35339288767250382     
  0.27829999999999999       0.53233221682499932      -0.35331267275929812     
  0.27840000000000004       0.53305965838574587      -0.35323192303847073     
  0.27850000000000003       0.53378629518083098      -0.35315064003976776     
  0.27860000000000001       0.53451212823041117      -0.35306882528661160     
  0.27870000000000000       0.53523715855186160      -0.35298648029613655     
  0.27879999999999999       0.53596138715978547      -0.35290360657922420     
  0.27890000000000004       0.53668481506602295      -0.35282020564053862     
  0.27900000000000003       0.53740744327966028      -0.35273627897856125     
  0.27910000000000001       0.53812927280703882      -0.35265182808562556     
  0.27920000000000000       0.53885030465176409      -0.35256685444795155     
  0.27929999999999999       0.53957053981471459      -0.35248135954567977     
  0.27940000000000004       0.54028997929405087      -0.35239534485290536     
  0.27950000000000003       0.54100862408522443      -0.35230881183771173     
  0.27960000000000002       0.54172647518098660      -0.35222176196220406     
  0.27970000000000000       0.54244353357139741      -0.35213419668254253     
  0.27979999999999999       0.54315980024383437      -0.35204611744897529     
  0.27990000000000004       0.54387527618300135      -0.35195752570587124     
  0.28000000000000003       0.54458996237093737      -0.35186842289175269     
  0.28010000000000002       0.54530385978702522      -0.35177881043932752     
  0.28020000000000000       0.54601696940800037      -0.35168868977552137     
  0.28029999999999999       0.54672929220795941      -0.35159806232150953     
  0.28040000000000004       0.54744082915836900      -0.35150692949274859     
  0.28050000000000003       0.54815158122807428      -0.35141529269900790     
  0.28060000000000002       0.54886154938330756      -0.35132315334440073     
  0.28070000000000001       0.54957073458769690      -0.35123051282741535     
  0.28079999999999999       0.55027913780227478      -0.35113737254094585     
  0.28090000000000004       0.55098675998548641      -0.35104373387232268     
  0.28100000000000003       0.55169360209319829      -0.35094959820334304     
  0.28110000000000002       0.55239966507870686      -0.35085496691030110     
  0.28120000000000001       0.55310494989274661      -0.35075984136401789     
  0.28129999999999999       0.55380945748349875      -0.35066422292987115     
  0.28140000000000004       0.55451318879659950      -0.35056811296782486     
  0.28150000000000003       0.55521614477514858      -0.35047151283245864     
  0.28160000000000002       0.55591832635971727      -0.35037442387299683     
  0.28170000000000001       0.55661973448835689      -0.35027684743333753     
  0.28179999999999999       0.55732037009660707      -0.35017878485208132     
  0.28190000000000004       0.55802023411750390      -0.35008023746255990     
  0.28200000000000003       0.55871932748158826      -0.34998120659286447     
  0.28210000000000002       0.55941765111691399      -0.34988169356587384     
  0.28220000000000001       0.56011520594905595      -0.34978169969928252     
  0.28230000000000000       0.56081199290111816      -0.34968122630562853     
  0.28240000000000004       0.56150801289374208      -0.34958027469232106     
  0.28250000000000003       0.56220326684511446      -0.34947884616166780     
  0.28260000000000002       0.56289775567097544      -0.34937694201090230     
  0.28270000000000001       0.56359148028462680      -0.34927456353221104     
  0.28280000000000000       0.56428444159693958      -0.34917171201276032     
  0.28290000000000004       0.56497664051636232      -0.34906838873472296     
  0.28300000000000003       0.56566807794892893      -0.34896459497530485     
  0.28310000000000002       0.56635875479826658      -0.34886033200677141     
  0.28320000000000001       0.56704867196560360      -0.34875560109647363     
  0.28330000000000000       0.56773783034977732      -0.34865040350687421     
  0.28340000000000004       0.56842623084724186      -0.34854474049557332     
  0.28350000000000003       0.56911387435207594      -0.34843861331533438     
  0.28360000000000002       0.56980076175599070      -0.34833202321410944     
  0.28370000000000001       0.57048689394833751      -0.34822497143506470     
  0.28380000000000000       0.57117227181611552      -0.34811745921660547     
  0.28390000000000004       0.57185689624397951      -0.34800948779240132     
  0.28400000000000003       0.57254076811424737      -0.34790105839141089     
  0.28410000000000002       0.57322388830690796      -0.34779217223790654     
  0.28420000000000001       0.57390625769962855      -0.34768283055149896     
  0.28430000000000000       0.57458787716776250      -0.34757303454716143     
  0.28439999999999999       0.57526874758435675      -0.34746278543525405     
  0.28450000000000003       0.57594886982015936      -0.34735208442154780     
  0.28460000000000002       0.57662824474362706      -0.34724093270724843     
  0.28470000000000001       0.57730687322093266      -0.34712933148902014     
  0.28480000000000000       0.57798475611597255      -0.34701728195900922     
  0.28489999999999999       0.57866189429037418      -0.34690478530486746     
  0.28500000000000003       0.57933828860350323      -0.34679184270977537     
  0.28510000000000002       0.58001393991247130      -0.34667845535246539     
  0.28520000000000001       0.58068884907214302      -0.34656462440724484     
  0.28530000000000000       0.58136301693514336      -0.34645035104401867     
  0.28539999999999999       0.58203644435186508      -0.34633563642831222     
  0.28550000000000003       0.58270913217047593      -0.34622048172129377     
  0.28560000000000002       0.58338108123692578      -0.34610488807979684     
  0.28570000000000001       0.58405229239495393      -0.34598885665634244     
  0.28580000000000000       0.58472276648609633      -0.34587238859916125     
  0.28589999999999999       0.58539250434969270      -0.34575548505221554     
  0.28600000000000003       0.58606150682289360      -0.34563814715522095     
  0.28610000000000002       0.58672977474066768      -0.34552037604366825     
  0.28620000000000001       0.58739730893580866      -0.34540217284884478     
  0.28630000000000000       0.58806411023894234      -0.34528353869785594     
  0.28639999999999999       0.58873017947853368      -0.34516447471364647     
  0.28650000000000003       0.58939551748089392      -0.34504498201502154     
  0.28660000000000002       0.59006012507018735      -0.34492506171666770     
  0.28670000000000001       0.59072400306843853      -0.34480471492917386     
  0.28680000000000000       0.59138715229553895      -0.34468394275905195     
  0.28689999999999999       0.59204957356925403      -0.34456274630875755     
  0.28700000000000003       0.59271126770523008      -0.34444112667671034     
  0.28710000000000002       0.59337223551700113      -0.34431908495731445     
  0.28720000000000001       0.59403247781599566      -0.34419662224097869     
  0.28730000000000000       0.59469199541154338      -0.34407373961413662     
  0.28739999999999999       0.59535078911088224      -0.34395043815926657     
  0.28750000000000003       0.59600885971916495      -0.34382671895491140     
  0.28760000000000002       0.59666620803946580      -0.34370258307569829     
  0.28770000000000001       0.59732283487278726      -0.34357803159235828     
  0.28780000000000000       0.59797874101806692      -0.34345306557174571     
  0.28789999999999999       0.59863392727218390      -0.34332768607685765     
  0.28800000000000003       0.59928839442996562      -0.34320189416685309     
  0.28810000000000002       0.59994214328419426      -0.34307569089707202     
  0.28820000000000001       0.60059517462561340      -0.34294907731905439     
  0.28830000000000000       0.60124748924293470      -0.34282205448055908     
  0.28839999999999999       0.60189908792284430      -0.34269462342558260     
  0.28850000000000003       0.60254997145000933      -0.34256678519437772     
  0.28860000000000002       0.60320014060708449      -0.34243854082347203     
  0.28870000000000001       0.60384959617471845      -0.34230989134568629     
  0.28880000000000000       0.60449833893156024      -0.34218083779015274     
  0.28889999999999999       0.60514636965426571      -0.34205138118233330     
  0.28900000000000003       0.60579368911750386      -0.34192152254403768     
  0.28910000000000002       0.60644029809396338      -0.34179126289344119     
  0.28920000000000001       0.60708619735435876      -0.34166060324510278     
  0.28930000000000000       0.60773138766743673      -0.34152954460998264     
  0.28939999999999999       0.60837586979998259      -0.34139808799545990     
  0.28950000000000004       0.60901964451682644      -0.34126623440535009     
  0.28960000000000002       0.60966271258084948      -0.34113398483992263     
  0.28970000000000001       0.61030507475299012      -0.34100134029591811     
  0.28980000000000000       0.61094673179225023      -0.34086830176656541     
  0.28989999999999999       0.61158768445570133      -0.34073487024159893     
  0.29000000000000004       0.61222793349849070      -0.34060104670727553     
  0.29010000000000002       0.61286747967384758      -0.34046683214639145     
  0.29020000000000001       0.61350632373308922      -0.34033222753829900     
  0.29030000000000000       0.61414446642562703      -0.34019723385892336     
  0.29039999999999999       0.61478190849897263      -0.34006185208077910     
  0.29050000000000004       0.61541865069874391      -0.33992608317298673     
  0.29060000000000002       0.61605469376867095      -0.33978992810128900     
  0.29070000000000001       0.61669003845060211      -0.33965338782806725     
  0.29080000000000000       0.61732468548450992      -0.33951646331235763     
  0.29089999999999999       0.61795863560849718      -0.33937915550986708     
  0.29100000000000004       0.61859188955880262      -0.33924146537298944     
  0.29110000000000003       0.61922444806980714      -0.33910339385082128     
  0.29120000000000001       0.61985631187403945      -0.33896494188917770     
  0.29130000000000000       0.62048748170218204      -0.33882611043060812     
  0.29139999999999999       0.62111795828307703      -0.33868690041441185     
  0.29150000000000004       0.62174774234373198      -0.33854731277665356     
  0.29160000000000003       0.62237683460932558      -0.33840734845017884     
  0.29170000000000001       0.62300523580321354      -0.33826700836462936     
  0.29180000000000000       0.62363294664693425      -0.33812629344645828     
  0.29189999999999999       0.62425996786021465      -0.33798520461894538     
  0.29200000000000004       0.62488630016097579      -0.33784374280221202     
  0.29210000000000003       0.62551194426533863      -0.33770190891323620     
  0.29220000000000002       0.62613690088762974      -0.33755970386586748     
  0.29230000000000000       0.62676117074038684      -0.33741712857084172     
  0.29239999999999999       0.62738475453436438      -0.33727418393579583     
  0.29250000000000004       0.62800765297853922      -0.33713087086528237     
  0.29260000000000003       0.62862986678011634      -0.33698719026078405     
  0.29270000000000002       0.62925139664453422      -0.33684314302072832     
  0.29280000000000000       0.62987224327547042      -0.33669873004050160     
  0.29289999999999999       0.63049240737484713      -0.33655395221246370     
  0.29300000000000004       0.63111188964283671      -0.33640881042596188     
  0.29310000000000003       0.63173069077786703      -0.33626330556734507     
  0.29320000000000002       0.63234881147662703      -0.33611743851997788     
  0.29330000000000001       0.63296625243407223      -0.33597121016425452     
  0.29339999999999999       0.63358301434343001      -0.33582462137761271     
  0.29350000000000004       0.63419909789620510      -0.33567767303454749     
  0.29360000000000003       0.63481450378218485      -0.33553036600662489     
  0.29370000000000002       0.63542923268944462      -0.33538270116249563     
  0.29380000000000001       0.63604328530435328      -0.33523467936790857     
  0.29389999999999999       0.63665666231157825      -0.33508630148572427     
  0.29400000000000004       0.63726936439409110      -0.33493756837592836     
  0.29410000000000003       0.63788139223317253      -0.33478848089564484     
  0.29420000000000002       0.63849274650841781      -0.33463903989914934     
  0.29430000000000001       0.63910342789774199      -0.33448924623788229     
  0.29440000000000000       0.63971343707738515      -0.33433910076046197     
  0.29450000000000004       0.64032277472191745      -0.33418860431269759     
  0.29460000000000003       0.64093144150424441      -0.33403775773760219     
  0.29470000000000002       0.64153943809561209      -0.33388656187540555     
  0.29480000000000001       0.64214676516561220      -0.33373501756356694     
  0.29490000000000000       0.64275342338218722      -0.33358312563678783     
  0.29500000000000004       0.64335941341163549      -0.33343088692702455     
  0.29510000000000003       0.64396473591861636      -0.33327830226350086     
  0.29520000000000002       0.64456939156615511      -0.33312537247272045     
  0.29530000000000001       0.64517338101564803      -0.33297209837847941     
  0.29540000000000000       0.64577670492686756      -0.33281848080187854     
  0.29550000000000004       0.64637936395796725      -0.33266452056133561     
  0.29560000000000003       0.64698135876548668      -0.33251021847259765     
  0.29570000000000002       0.64758269000435653      -0.33235557534875310     
  0.29580000000000001       0.64818335832790341      -0.33220059200024382     
  0.29590000000000000       0.64878336438785489      -0.33204526923487721     
  0.29600000000000004       0.64938270883434435      -0.33188960785783805     
  0.29610000000000003       0.64998139231591590      -0.33173360867170043     
  0.29620000000000002       0.65057941547952913      -0.33157727247643953     
  0.29630000000000001       0.65117677897056425      -0.33142060006944341     
  0.29640000000000000       0.65177348343282671      -0.33126359224552460     
  0.29650000000000004       0.65236952950855198      -0.33110624979693182     
  0.29660000000000003       0.65296491783841060      -0.33094857351336149     
  0.29670000000000002       0.65355964906151265      -0.33079056418196917     
  0.29680000000000001       0.65415372381541281      -0.33063222258738101     
  0.29690000000000000       0.65474714273611490      -0.33047354951170510     
  0.29700000000000004       0.65533990645807660      -0.33031454573454272     
  0.29710000000000003       0.65593201561421444      -0.33015521203299963     
  0.29720000000000002       0.65652347083590812      -0.32999554918169727     
  0.29730000000000001       0.65711427275300549      -0.32983555795278369     
  0.29740000000000000       0.65770442199382695      -0.32967523911594476     
  0.29749999999999999       0.65829391918517033      -0.32951459343841510     
  0.29760000000000003       0.65888276495231546      -0.32935362168498894     
  0.29770000000000002       0.65947095991902860      -0.32919232461803105     
  0.29780000000000001       0.66005850470756722      -0.32903070299748749     
  0.29790000000000000       0.66064539993868454      -0.32886875758089634     
  0.29799999999999999       0.66123164623163400      -0.32870648912339845     
  0.29810000000000003       0.66181724420417387      -0.32854389837774800     
  0.29820000000000002       0.66240219447257176      -0.32838098609432309     
  0.29830000000000001       0.66298649765160911      -0.32821775302113615     
  0.29840000000000000       0.66357015435458566      -0.32805419990384455     
  0.29849999999999999       0.66415316519332401      -0.32789032748576080     
  0.29860000000000003       0.66473553077817393      -0.32772613650786303     
  0.29870000000000002       0.66531725171801692      -0.32756162770880520     
  0.29880000000000001       0.66589832862027065      -0.32739680182492731     
  0.29890000000000000       0.66647876209089318      -0.32723165959026557     
  0.29899999999999999       0.66705855273438763      -0.32706620173656248     
  0.29910000000000003       0.66763770115380627      -0.32690042899327693     
  0.29920000000000002       0.66821620795075509      -0.32673434208759417     
  0.29930000000000001       0.66879407372539790      -0.32656794174443576     
  0.29940000000000000       0.66937129907646098      -0.32640122868646948     
  0.29949999999999999       0.66994788460123711      -0.32623420363411904     
  0.29960000000000003       0.67052383089558987      -0.32606686730557399     
  0.29970000000000002       0.67109913855395809      -0.32589922041679942     
  0.29980000000000001       0.67167380816936006      -0.32573126368154559     
  0.29990000000000000       0.67224784033339768      -0.32556299781135761     
  0.29999999999999999       0.67282123563626073      -0.32539442351558501     
  0.30010000000000003       0.67339399466673111      -0.32522554150139116     
  0.30020000000000002       0.67396611801218698      -0.32505635247376280     
  0.30030000000000001       0.67453760625860693      -0.32488685713551951     
  0.30040000000000000       0.67510845999057423      -0.32471705618732299     
  0.30049999999999999       0.67567867979128093      -0.32454695032768638     
  0.30060000000000003       0.67624826624253209      -0.32437654025298357     
  0.30070000000000002       0.67681721992474964      -0.32420582665745840     
  0.30080000000000001       0.67738554141697671      -0.32403481023323377     
  0.30090000000000000       0.67795323129688168      -0.32386349167032086     
  0.30099999999999999       0.67852029014076209      -0.32369187165662811     
  0.30110000000000003       0.67908671852354896      -0.32351995087797025     
  0.30120000000000002       0.67965251701881069      -0.32334773001807737     
  0.30130000000000001       0.68021768619875700      -0.32317520975860370     
  0.30140000000000000       0.68078222663424315      -0.32300239077913651     
  0.30149999999999999       0.68134613889477369      -0.32282927375720499     
  0.30160000000000003       0.68190942354850670      -0.32265585936828906     
  0.30170000000000002       0.68247208116225755      -0.32248214828582805     
  0.30180000000000001       0.68303411230150290      -0.32230814118122936     
  0.30190000000000000       0.68359551753038472      -0.32213383872387719     
  0.30199999999999999       0.68415629741171413      -0.32195924158114103     
  0.30210000000000004       0.68471645250697544      -0.32178435041838427     
  0.30220000000000002       0.68527598337632978      -0.32160916589897270     
  0.30230000000000001       0.68583489057861924      -0.32143368868428301     
  0.30240000000000000       0.68639317467137062      -0.32125791943371118     
  0.30249999999999999       0.68695083621079922      -0.32108185880468076     
  0.30260000000000004       0.68750787575181282      -0.32090550745265134     
  0.30270000000000002       0.68806429384801537      -0.32072886603112677     
  0.30280000000000001       0.68862009105171096      -0.32055193519166342     
  0.30290000000000000       0.68917526791390737      -0.32037471558387831     
  0.30299999999999999       0.68972982498432012      -0.32019720785545736     
  0.30310000000000004       0.69028376281137604      -0.32001941265216338     
  0.30320000000000003       0.69083708194221716      -0.31984133061784431     
  0.30330000000000001       0.69138978292270425      -0.31966296239444114     
  0.30340000000000000       0.69194186629742072      -0.31948430862199589     
  0.30349999999999999       0.69249333260967627      -0.31930536993865954     
  0.30360000000000004       0.69304418240151056      -0.31912614698070002     
  0.30370000000000003       0.69359441621369700      -0.31894664038251003     
  0.30380000000000001       0.69414403458574625      -0.31876685077661482     
  0.30390000000000000       0.69469303805591009      -0.31858677879368003     
  0.30399999999999999       0.69524142716118487      -0.31840642506251937     
  0.30410000000000004       0.69578920243731524      -0.31822579021010239     
  0.30420000000000003       0.69633636441879765      -0.31804487486156202     
  0.30430000000000001       0.69688291363888422      -0.31786367964020235     
  0.30440000000000000       0.69742885062958593      -0.31768220516750612     
  0.30449999999999999       0.69797417592167654      -0.31750045206314231     
  0.30460000000000004       0.69851889004469603      -0.31731842094497359     
  0.30470000000000003       0.69906299352695411      -0.31713611242906381     
  0.30480000000000002       0.69960648689553373      -0.31695352712968544     
  0.30490000000000000       0.70014937067629468      -0.31677066565932693     
  0.30499999999999999       0.70069164539387718      -0.31658752862870010     
  0.30510000000000004       0.70123331157170521      -0.31640411664674739     
  0.30520000000000003       0.70177436973199003      -0.31622043032064917     
  0.30530000000000002       0.70231482039573379      -0.31603647025583104     
  0.30540000000000000       0.70285466408273278      -0.31585223705597093     
  0.30549999999999999       0.70339390131158097      -0.31566773132300635     
  0.30560000000000004       0.70393253259967348      -0.31548295365714146     
  0.30570000000000003       0.70447055846321005      -0.31529790465685420     
  0.30580000000000002       0.70500797941719828      -0.31511258491890332     
  0.30590000000000001       0.70554479597545716      -0.31492699503833538     
  0.30599999999999999       0.70608100865062040      -0.31474113560849182     
  0.30610000000000004       0.70661661795413977      -0.31455500722101587     
  0.30620000000000003       0.70715162439628854      -0.31436861046585940     
  0.30630000000000002       0.70768602848616480      -0.31418194593128990     
  0.30640000000000001       0.70821983073169481      -0.31399501420389725     
  0.30649999999999999       0.70875303163963621      -0.31380781586860057     
  0.30660000000000004       0.70928563171558145      -0.31362035150865497     
  0.30670000000000003       0.70981763146396104      -0.31343262170565833     
  0.30680000000000002       0.71034903138804684      -0.31324462703955797     
  0.30690000000000001       0.71087983198995541      -0.31305636808865733     
  0.30700000000000000       0.71141003377065115      -0.31286784542962265     
  0.30710000000000004       0.71193963722994957      -0.31267905963748954     
  0.30720000000000003       0.71246864286652056      -0.31249001128566956     
  0.30730000000000002       0.71299705117789169      -0.31230070094595674     
  0.30740000000000001       0.71352486266045134      -0.31211112918853418     
  0.30750000000000000       0.71405207780945190      -0.31192129658198042     
  0.30760000000000004       0.71457869711901290      -0.31173120369327595     
  0.30770000000000003       0.71510472108212431      -0.31154085108780960     
  0.30780000000000002       0.71563015019064968      -0.31135023932938488     
  0.30790000000000001       0.71615498493532936      -0.31115936898022645     
  0.30800000000000000       0.71667922580578347      -0.31096824060098627     
  0.30810000000000004       0.71720287329051513      -0.31077685475075001     
  0.30820000000000003       0.71772592787691358      -0.31058521198704331     
  0.30830000000000002       0.71824839005125729      -0.31039331286583793     
  0.30840000000000001       0.71877026029871705      -0.31020115794155800     
  0.30850000000000000       0.71929153910335908      -0.31000874776708615     
  0.30860000000000004       0.71981222694814817      -0.30981608289376961     
  0.30870000000000003       0.72033232431495053      -0.30962316387142641     
  0.30880000000000002       0.72085183168453715      -0.30942999124835135     
  0.30890000000000001       0.72137074953658653      -0.30923656557132212     
  0.30900000000000000       0.72188907834968796      -0.30904288738560526     
  0.30910000000000004       0.72240681860134448      -0.30884895723496220     
  0.30920000000000003       0.72292397076797577      -0.30865477566165517     
  0.30930000000000002       0.72344053532492125      -0.30846034320645310     
  0.30940000000000001       0.72395651274644313      -0.30826566040863762     
  0.30950000000000000       0.72447190350572921      -0.30807072780600875     
  0.30960000000000004       0.72498670807489607      -0.30787554593489092     
  0.30970000000000003       0.72550092692499180      -0.30768011533013867     
  0.30980000000000002       0.72601456052599911      -0.30748443652514251     
  0.30990000000000001       0.72652760934683824      -0.30728851005183461     
  0.31000000000000000       0.72704007385536984      -0.30709233644069456     
  0.31010000000000004       0.72755195451839794      -0.30689591622075502     
  0.31020000000000003       0.72806325180167275      -0.30669924991960740     
  0.31030000000000002       0.72857396616989367      -0.30650233806340760     
  0.31040000000000001       0.72908409808671215      -0.30630518117688149     
  0.31050000000000000       0.72959364801473447      -0.30610777978333059     
  0.31059999999999999       0.73010261641552476      -0.30591013440463760     
  0.31070000000000003       0.73061100374960763      -0.30571224556127191     
  0.31080000000000002       0.73111881047647131      -0.30551411377229515     
  0.31090000000000001       0.73162603705457019      -0.30531573955536662     
  0.31100000000000000       0.73213268394132780      -0.30511712342674879     
  0.31109999999999999       0.73263875159313963      -0.30491826590131271     
  0.31120000000000003       0.73314424046537596      -0.30471916749254346     
  0.31130000000000002       0.73364915101238448      -0.30451982871254540     
  0.31140000000000001       0.73415348368749322      -0.30432025007204766     
  0.31150000000000000       0.73465723894301327      -0.30412043208040940     
  0.31159999999999999       0.73516041723024161      -0.30392037524562515     
  0.31170000000000003       0.73566301899946374      -0.30372008007433005     
  0.31180000000000002       0.73616504469995647      -0.30351954707180501     
  0.31190000000000001       0.73666649477999080      -0.30331877674198210     
  0.31200000000000000       0.73716736968683438      -0.30311776958744968     
  0.31209999999999999       0.73766766986675447      -0.30291652610945757     
  0.31220000000000003       0.73816739576502044      -0.30271504680792216     
  0.31230000000000002       0.73866654782590657      -0.30251333218143162     
  0.31240000000000001       0.73916512649269472      -0.30231138272725089     
  0.31250000000000000       0.73966313220767710      -0.30210919894132687     
  0.31259999999999999       0.74016056541215869      -0.30190678131829346     
  0.31270000000000003       0.74065742654646016      -0.30170413035147647     
  0.31280000000000002       0.74115371604992042      -0.30150124653289878     
  0.31290000000000001       0.74164943436089914      -0.30129813035328523     
  0.31300000000000000       0.74214458191677946      -0.30109478230206760     
  0.31309999999999999       0.74263915915397072      -0.30089120286738952     
  0.31320000000000003       0.74313316650791095      -0.30068739253611143     
  0.31330000000000002       0.74362660441306949      -0.30048335179381541     
  0.31340000000000001       0.74411947330294959      -0.30027908112481011     
  0.31350000000000000       0.74461177361009090      -0.30007458101213552     
  0.31359999999999999       0.74510350576607232      -0.29986985193756788     
  0.31370000000000003       0.74559467020151415      -0.29966489438162441     
  0.31380000000000002       0.74608526734608105      -0.29945970882356809     
  0.31390000000000001       0.74657529762848429      -0.29925429574141243     
  0.31400000000000000       0.74706476147648448      -0.29904865561192623     
  0.31409999999999999       0.74755365931689388      -0.29884278891063820     
  0.31420000000000003       0.74804199157557916      -0.29863669611184174     
  0.31430000000000002       0.74852975867746374      -0.29843037768859954     
  0.31440000000000001       0.74901696104653048      -0.29822383411274828     
  0.31450000000000000       0.74950359910582387      -0.29801706585490317     
  0.31459999999999999       0.74998967327745281      -0.29781007338446264     
  0.31470000000000004       0.75047518398259294      -0.29760285716961288     
  0.31480000000000002       0.75096013164148911      -0.29739541767733235     
  0.31490000000000001       0.75144451667345791      -0.29718775537339642     
  0.31500000000000000       0.75192833949688997      -0.29697987072238180     
  0.31509999999999999       0.75241160052925249      -0.29677176418767104     
  0.31520000000000004       0.75289430018709169      -0.29656343623145703     
  0.31530000000000002       0.75337643888603523      -0.29635488731474746     
  0.31540000000000001       0.75385801704079458      -0.29614611789736922     
  0.31550000000000000       0.75433903506516753      -0.29593712843797287     
  0.31559999999999999       0.75481949337204046      -0.29572791939403698     
  0.31570000000000004       0.75529939237339083      -0.29551849122187246     
  0.31580000000000003       0.75577873248028948      -0.29530884437662702     
  0.31590000000000001       0.75625751410290298      -0.29509897931228946     
  0.31600000000000000       0.75673573765049607      -0.29488889648169392     
  0.31609999999999999       0.75721340353143407      -0.29467859633652427     
  0.31620000000000004       0.75769051215318506      -0.29446807932731833     
  0.31630000000000003       0.75816706392232236      -0.29425734590347213     
  0.31640000000000001       0.75864305924452680      -0.29404639651324410     
  0.31650000000000000       0.75911849852458901      -0.29383523160375935     
  0.31659999999999999       0.75959338216641181      -0.29362385162101384     
  0.31670000000000004       0.76006771057301248      -0.29341225700987861     
  0.31680000000000003       0.76054148414652512      -0.29320044821410379     
  0.31690000000000002       0.76101470328820275      -0.29298842567632288     
  0.31700000000000000       0.76148736839841979      -0.29277618983805687     
  0.31709999999999999       0.76195947987667434      -0.29256374113971823     
  0.31720000000000004       0.76243103812159030      -0.29235108002061505     
  0.31730000000000003       0.76290204353091973      -0.29213820691895515     
  0.31740000000000002       0.76337249650154504      -0.29192512227185002     
  0.31750000000000000       0.76384239742948135      -0.29171182651531902     
  0.31759999999999999       0.76431174670987856      -0.29149832008429316     
  0.31770000000000004       0.76478054473702373      -0.29128460341261930     
  0.31780000000000003       0.76524879190434314      -0.29107067693306399     
  0.31790000000000002       0.76571648860440467      -0.29085654107731745     
  0.31800000000000000       0.76618363522891997      -0.29064219627599758     
  0.31809999999999999       0.76665023216874650      -0.29042764295865381     
  0.31820000000000004       0.76711627981388997      -0.29021288155377101     
  0.31830000000000003       0.76758177855350629      -0.28999791248877338     
  0.31840000000000002       0.76804672877590385      -0.28978273619002837     
  0.31850000000000001       0.76851113086854572      -0.28956735308285042     
  0.31859999999999999       0.76897498521805174      -0.28935176359150488     
  0.31870000000000004       0.76943829221020077      -0.28913596813921183     
  0.31880000000000003       0.76990105222993266      -0.28891996714814983     
  0.31890000000000002       0.77036326566135049      -0.28870376103945972     
  0.31900000000000001       0.77082493288772280      -0.28848735023324834     
  0.31909999999999999       0.77128605429148556      -0.28827073514859242     
  0.31920000000000004       0.77174663025424428      -0.28805391620354215     
  0.31930000000000003       0.77220666115677628      -0.28783689381512495     
  0.31940000000000002       0.77266614737903261      -0.28761966839934922     
  0.31950000000000001       0.77312508930014034      -0.28740224037120798     
  0.31960000000000000       0.77358348729840443      -0.28718461014468255     
  0.31970000000000004       0.77404134175130990      -0.28696677813274613     
  0.31980000000000003       0.77449865303552390      -0.28674874474736756     
  0.31990000000000002       0.77495542152689789      -0.28653051039951483     
  0.32000000000000001       0.77541164760046943      -0.28631207549915877     
  0.32010000000000000       0.77586733163046451      -0.28609344045527652     
  0.32020000000000004       0.77632247399029941      -0.28587460567585521     
  0.32030000000000003       0.77677707505258287      -0.28565557156789551     
  0.32040000000000002       0.77723113518911802      -0.28543633853741507     
  0.32050000000000001       0.77768465477090443      -0.28521690698945212     
  0.32060000000000000       0.77813763416814008      -0.28499727732806901     
  0.32070000000000004       0.77859007375022349      -0.28477744995635562     
  0.32080000000000003       0.77904197388575558      -0.28455742527643291     
  0.32090000000000002       0.77949333494254180      -0.28433720368945631     
  0.32100000000000001       0.77994415728759403      -0.28411678559561920     
  0.32110000000000000       0.78039444128713265      -0.28389617139415640     
  0.32120000000000004       0.78084418730658833      -0.28367536148334749     
  0.32130000000000003       0.78129339571060419      -0.28345435626052023     
  0.32140000000000002       0.78174206686303771      -0.28323315612205402     
  0.32150000000000001       0.78219020112696258      -0.28301176146338319     
  0.32160000000000000       0.78263779886467078      -0.28279017267900047     
  0.32170000000000004       0.78308486043767445      -0.28256839016246016     
  0.32180000000000003       0.78353138620670792      -0.28234641430638163     
  0.32190000000000002       0.78397737653172950      -0.28212424550245252     
  0.32200000000000001       0.78442283177192351      -0.28190188414143214     
  0.32210000000000000       0.78486775228570216      -0.28167933061315464     
  0.32220000000000004       0.78531213843070735      -0.28145658530653239     
  0.32230000000000003       0.78575599056381285      -0.28123364860955913     
  0.32240000000000002       0.78619930904112589      -0.28101052090931333     
  0.32250000000000001       0.78664209421798925      -0.28078720259196133     
  0.32260000000000000       0.78708434644898306      -0.28056369404276060     
  0.32270000000000004       0.78752606608792664      -0.28033999564606299     
  0.32280000000000003       0.78796725348788044      -0.28011610778531776     
  0.32290000000000002       0.78840790900114788      -0.27989203084307490     
  0.32300000000000001       0.78884803297927730      -0.27966776520098829     
  0.32310000000000000       0.78928762577306366      -0.27944331123981875     
  0.32320000000000004       0.78972668773255039      -0.27921866933943723     
  0.32330000000000003       0.79016521920703142      -0.27899383987882798     
  0.32340000000000002       0.79060322054505272      -0.27876882323609153     
  0.32350000000000001       0.79104069209441441      -0.27854361978844794     
  0.32360000000000000       0.79147763420217243      -0.27831822991223976     
  0.32370000000000004       0.79191404721464043      -0.27809265398293515     
  0.32380000000000003       0.79234993147739141      -0.27786689237513096     
  0.32390000000000002       0.79278528733525977      -0.27764094546255569     
  0.32400000000000001       0.79322011513234292      -0.27741481361807258     
  0.32410000000000000       0.79365441521200308      -0.27718849721368266     
  0.32419999999999999       0.79408818791686919      -0.27696199662052767     
  0.32430000000000003       0.79452143358883853      -0.27673531220889308     
  0.32440000000000002       0.79495415256907864      -0.27650844434821109     
  0.32450000000000001       0.79538634519802909      -0.27628139340706359     
  0.32460000000000000       0.79581801181540301      -0.27605415975318515     
  0.32469999999999999       0.79624915276018915      -0.27582674375346583     
  0.32480000000000003       0.79667976837065335      -0.27559914577395428     
  0.32490000000000002       0.79710985898434050      -0.27537136617986052     
  0.32500000000000001       0.79753942493807617      -0.27514340533555892     
  0.32510000000000000       0.79796846656796838      -0.27491526360459106     
  0.32519999999999999       0.79839698420940930      -0.27468694134966865     
  0.32530000000000003       0.79882497819707698      -0.27445843893267630     
  0.32540000000000002       0.79925244886493707      -0.27422975671467453     
  0.32550000000000001       0.79967939654624454      -0.27400089505590247     
  0.32560000000000000       0.80010582157354537      -0.27377185431578077     
  0.32569999999999999       0.80053172427867814      -0.27354263485291436     
  0.32580000000000003       0.80095710499277595      -0.27331323702509530     
  0.32590000000000002       0.80138196404626783      -0.27308366118930560     
  0.32600000000000001       0.80180630176888068      -0.27285390770171997     
  0.32610000000000000       0.80223011848964076      -0.27262397691770862     
  0.32619999999999999       0.80265341453687555      -0.27239386919184000     
  0.32630000000000003       0.80307619023821519      -0.27216358487788350     
  0.32640000000000002       0.80349844592059427      -0.27193312432881228     
  0.32650000000000001       0.80392018191025338      -0.27170248789680596     
  0.32660000000000000       0.80434139853274089      -0.27147167593325328     
  0.32669999999999999       0.80476209611291449      -0.27124068878875496     
  0.32680000000000003       0.80518227497494288      -0.27100952681312623     
  0.32690000000000002       0.80560193544230740      -0.27077819035539957     
  0.32700000000000001       0.80602107783780375      -0.27054667976382740     
  0.32710000000000000       0.80643970248354335      -0.27031499538588477     
  0.32719999999999999       0.80685780970095511      -0.27008313756827190     
  0.32730000000000004       0.80727539981078711      -0.26985110665691697     
  0.32740000000000002       0.80769247313310799      -0.26961890299697860     
  0.32750000000000001       0.80810902998730882      -0.26938652693284854     
  0.32760000000000000       0.80852507069210455      -0.26915397880815428     
  0.32769999999999999       0.80894059556553555      -0.26892125896576163     
  0.32780000000000004       0.80935560492496916      -0.26868836774777732     
  0.32790000000000002       0.80977009908710151      -0.26845530549555158     
  0.32800000000000001       0.81018407836795892      -0.26822207254968067     
  0.32810000000000000       0.81059754308289933      -0.26798866925000941     
  0.32819999999999999       0.81101049354661414      -0.26775509593563385     
  0.32830000000000004       0.81142293007312960      -0.26752135294490365     
  0.32840000000000003       0.81183485297580849      -0.26728744061542470     
  0.32850000000000001       0.81224626256735144      -0.26705335928406165     
  0.32860000000000000       0.81265715915979875      -0.26681910928694030     
  0.32869999999999999       0.81306754306453166      -0.26658469095945020     
  0.32880000000000004       0.81347741459227407      -0.26635010463624703     
  0.32890000000000003       0.81388677405309406      -0.26611535065125519     
  0.32900000000000001       0.81429562175640524      -0.26588042933767020     
  0.32910000000000000       0.81470395801096840      -0.26564534102796111     
  0.32919999999999999       0.81511178312489307      -0.26541008605387301     
  0.32930000000000004       0.81551909740563888      -0.26517466474642948     
  0.32940000000000003       0.81592590116001718      -0.26493907743593492     
  0.32950000000000002       0.81633219469419249      -0.26470332445197703     
  0.32960000000000000       0.81673797831368400      -0.26446740612342917     
  0.32969999999999999       0.81714325232336704      -0.26423132277845285     
  0.32980000000000004       0.81754801702747459      -0.26399507474449996     
  0.32990000000000003       0.81795227272959870      -0.26375866234831530     
  0.33000000000000002       0.81835601973269201      -0.26352208591593884     
  0.33010000000000000       0.81875925833906926      -0.26328534577270812     
  0.33019999999999999       0.81916198885040870      -0.26304844224326057     
  0.33030000000000004       0.81956421156775350      -0.26281137565153584     
  0.33040000000000003       0.81996592679151326      -0.26257414632077819     
  0.33050000000000002       0.82036713482146550      -0.26233675457353872     
  0.33060000000000000       0.82076783595675706      -0.26209920073167775     
  0.33069999999999999       0.82116803049590548      -0.26186148511636709     
  0.33080000000000004       0.82156771873680046      -0.26162360804809232     
  0.33090000000000003       0.82196690097670533      -0.26138556984665506     
  0.33100000000000002       0.82236557751225858      -0.26114737083117534     
  0.33110000000000001       0.82276374863947499      -0.26090901132009370     
  0.33119999999999999       0.82316141465374737      -0.26067049163117356     
  0.33130000000000004       0.82355857584984771      -0.26043181208150346     
  0.33140000000000003       0.82395523252192870      -0.26019297298749922     
  0.33150000000000002       0.82435138496352522      -0.25995397466490627     
  0.33160000000000001       0.82474703346755562      -0.25971481742880181     
  0.33169999999999999       0.82514217832632308      -0.25947550159359700     
  0.33180000000000004       0.82553681983151705      -0.25923602747303920     
  0.33190000000000003       0.82593095827421470      -0.25899639538021413     
  0.33200000000000002       0.82632459394488211      -0.25875660562754810     
  0.33210000000000001       0.82671772713337588      -0.25851665852681016     
  0.33220000000000000       0.82711035812894440      -0.25827655438911423     
  0.33230000000000004       0.82750248722022923      -0.25803629352492136     
  0.33240000000000003       0.82789411469526641      -0.25779587624404171     
  0.33250000000000002       0.82828524084148780      -0.25755530285563688     
  0.33260000000000001       0.82867586594572251      -0.25731457366822191     
  0.33270000000000000       0.82906599029419825      -0.25707368898966748     
  0.33280000000000004       0.82945561417254254      -0.25683264912720200     
  0.33290000000000003       0.82984473786578428      -0.25659145438741365     
  0.33300000000000002       0.83023336165835493      -0.25635010507625261     
  0.33310000000000001       0.83062148583408979      -0.25610860149903303     
  0.33320000000000000       0.83100911067622951      -0.25586694396043524     
  0.33330000000000004       0.83139623646742122      -0.25562513276450771     
  0.33340000000000003       0.83178286348971997      -0.25538316821466917     
  0.33350000000000002       0.83216899202459005      -0.25514105061371062     
  0.33360000000000001       0.83255462235290623      -0.25489878026379748     
  0.33370000000000000       0.83293975475495508      -0.25465635746647153     
  0.33380000000000004       0.83332438951043630      -0.25441378252265301     
  0.33390000000000003       0.83370852689846398      -0.25417105573264259     
  0.33400000000000002       0.83409216719756785      -0.25392817739612344     
  0.33410000000000001       0.83447531068569480      -0.25368514781216328     
  0.33420000000000000       0.83485795764020998      -0.25344196727921625     
  0.33430000000000004       0.83524010833789797      -0.25319863609512505     
  0.33440000000000003       0.83562176305496427      -0.25295515455712281     
  0.33450000000000002       0.83600292206703652      -0.25271152296183513     
  0.33460000000000001       0.83638358564916571      -0.25246774160528213     
  0.33470000000000000       0.83676375407582748      -0.25222381078288025     
  0.33480000000000004       0.83714342762092331      -0.25197973078944436     
  0.33490000000000003       0.83752260655778188      -0.25173550191918959     
  0.33500000000000002       0.83790129115916034      -0.25149112446573330     
  0.33510000000000001       0.83827948169724542      -0.25124659872209709     
  0.33520000000000000       0.83865717844365484      -0.25100192498070872     
  0.33530000000000004       0.83903438166943844      -0.25075710353340391     
  0.33540000000000003       0.83941109164507943      -0.25051213467142841     
  0.33550000000000002       0.83978730864049556      -0.25026701868543977     
  0.33560000000000001       0.84016303292504046      -0.25002175586550934     
  0.33570000000000000       0.84053826476750493      -0.24977634650112410     
  0.33580000000000004       0.84091300443611794      -0.24953079088118857     
  0.33590000000000003       0.84128725219854805      -0.24928508929402668     
  0.33600000000000002       0.84166100832190449      -0.24903924202738367     
  0.33610000000000001       0.84203427307273848      -0.24879324936842792     
  0.33620000000000000       0.84240704671704425      -0.24854711160375279     
  0.33630000000000004       0.84277932952026047      -0.24830082901937850     
  0.33640000000000003       0.84315112174727125      -0.24805440190075401     
  0.33650000000000002       0.84352242366240759      -0.24780783053275876     
  0.33660000000000001       0.84389323552944828      -0.24756111519970456     
  0.33670000000000000       0.84426355761162120      -0.24731425618533739     
  0.33680000000000004       0.84463339017160455      -0.24706725377283928     
  0.33690000000000003       0.84500273347152799      -0.24682010824483000     
  0.33700000000000002       0.84537158777297383      -0.24657281988336896     
  0.33710000000000001       0.84573995333697816      -0.24632538896995695     
  0.33720000000000000       0.84610783042403204      -0.24607781578553797     
  0.33729999999999999       0.84647521929408276      -0.24583010061050095     
  0.33740000000000003       0.84684212020653482      -0.24558224372468157     
  0.33750000000000002       0.84720853342025126      -0.24533424540736404     
  0.33760000000000001       0.84757445919355467      -0.24508610593728281     
  0.33770000000000000       0.84793989778422840      -0.24483782559262438     
  0.33779999999999999       0.84830484944951767      -0.24458940465102899     
  0.33790000000000003       0.84866931444613081      -0.24434084338959242     
  0.33800000000000002       0.84903329303024033      -0.24409214208486765     
  0.33810000000000001       0.84939678545748409      -0.24384330101286669     
  0.33820000000000000       0.84975979198296636      -0.24359432044906223     
  0.33829999999999999       0.85012231286125894      -0.24334520066838936     
  0.33840000000000003       0.85048434834640241      -0.24309594194524728     
  0.33850000000000002       0.85084589869190719      -0.24284654455350105     
  0.33860000000000001       0.85120696415075459      -0.24259700876648321     
  0.33870000000000000       0.85156754497539799      -0.24234733485699553     
  0.33879999999999999       0.85192764141776389      -0.24209752309731064     
  0.33890000000000003       0.85228725372925318      -0.24184757375917379     
  0.33900000000000002       0.85264638216074207      -0.24159748711380444     
  0.33910000000000001       0.85300502696258318      -0.24134726343189797     
  0.33920000000000000       0.85336318838460679      -0.24109690298362732     
  0.33929999999999999       0.85372086667612179      -0.24084640603864466     
  0.33940000000000003       0.85407806208591686      -0.24059577286608302     
  0.33950000000000002       0.85443477486226149      -0.24034500373455794     
  0.33960000000000001       0.85479100525290708      -0.24009409891216910     
  0.33970000000000000       0.85514675350508806      -0.23984305866650193     
  0.33979999999999999       0.85550201986552299      -0.23959188326462930     
  0.33990000000000004       0.85585680458041546      -0.23934057297311304     
  0.34000000000000002       0.85621110789545540      -0.23908912805800561     
  0.34010000000000001       0.85656493005581991      -0.23883754878485172     
  0.34020000000000000       0.85691827130617448      -0.23858583541868991     
  0.34029999999999999       0.85727113189067405      -0.23833398822405411     
  0.34040000000000004       0.85762351205296394      -0.23808200746497526     
  0.34050000000000002       0.85797541203618100      -0.23782989340498292     
  0.34060000000000001       0.85832683208295468      -0.23757764630710679     
  0.34070000000000000       0.85867777243540810      -0.23732526643387830     
  0.34079999999999999       0.85902823333515899      -0.23707275404733219     
  0.34090000000000004       0.85937821502332068      -0.23682010940900805     
  0.34100000000000003       0.85972771774050327      -0.23656733277995190     
  0.34110000000000001       0.86007674172681470      -0.23631442442071771     
  0.34120000000000000       0.86042528722186162      -0.23606138459136894     
  0.34129999999999999       0.86077335446475045      -0.23580821355148010     
  0.34140000000000004       0.86112094369408854      -0.23555491156013827     
  0.34150000000000003       0.86146805514798508      -0.23530147887594463     
  0.34160000000000001       0.86181468906405212      -0.23504791575701597     
  0.34170000000000000       0.86216084567940554      -0.23479422246098622     
  0.34179999999999999       0.86250652523066618      -0.23454039924500791     
  0.34190000000000004       0.86285172795396081      -0.23428644636575374     
  0.34200000000000003       0.86319645408492307      -0.23403236407941805     
  0.34210000000000002       0.86354070385869452      -0.23377815264171828     
  0.34220000000000000       0.86388447750992570      -0.23352381230789654     
  0.34229999999999999       0.86422777527277694      -0.23326934333272101     
  0.34240000000000004       0.86457059738091957      -0.23301474597048744     
  0.34250000000000003       0.86491294406753672      -0.23276002047502065     
  0.34260000000000002       0.86525481556532446      -0.23250516709967597     
  0.34270000000000000       0.86559621210649274      -0.23225018609734074     
  0.34279999999999999       0.86593713392276617      -0.23199507772043568     
  0.34290000000000004       0.86627758124538534      -0.23173984222091643     
  0.34300000000000003       0.86661755430510756      -0.23148447985027493     
  0.34310000000000002       0.86695705333220796      -0.23122899085954091     
  0.34320000000000001       0.86729607855648028      -0.23097337549928329     
  0.34329999999999999       0.86763463020723808      -0.23071763401961165     
  0.34340000000000004       0.86797270851331543      -0.23046176667017762     
  0.34350000000000003       0.86831031370306810      -0.23020577370017631     
  0.34360000000000002       0.86864744600437438      -0.22994965535834772     
  0.34370000000000001       0.86898410564463613      -0.22969341189297815     
  0.34379999999999999       0.86932029285077961      -0.22943704355190164     
  0.34390000000000004       0.86965600784925656      -0.22918055058250131     
  0.34400000000000003       0.86999125086604501      -0.22892393323171079     
  0.34410000000000002       0.87032602212665033      -0.22866719174601560     
  0.34420000000000001       0.87066032185610609      -0.22841032637145459     
  0.34429999999999999       0.87099415027897498      -0.22815333735362120     
  0.34440000000000004       0.87132750761934985      -0.22789622493766495     
  0.34450000000000003       0.87166039410085461      -0.22763898936829277     
  0.34460000000000002       0.87199280994664519      -0.22738163088977034     
  0.34470000000000001       0.87232475537941023      -0.22712414974592349     
  0.34480000000000000       0.87265623062137232      -0.22686654618013952     
  0.34490000000000004       0.87298723589428873      -0.22660882043536859     
  0.34500000000000003       0.87331777141945233      -0.22635097275412505     
  0.34510000000000002       0.87364783741769259      -0.22609300337848878     
  0.34520000000000001       0.87397743410937634      -0.22583491255010654     
  0.34530000000000000       0.87430656171440890      -0.22557670051019330     
  0.34540000000000004       0.87463522045223474      -0.22531836749953352     
  0.34550000000000003       0.87496341054183857      -0.22505991375848255     
  0.34560000000000002       0.87529113220174615      -0.22480133952696790     
  0.34570000000000001       0.87561838565002525      -0.22454264504449056     
  0.34580000000000000       0.87594517110428649      -0.22428383055012635     
  0.34590000000000004       0.87627148878168415      -0.22402489628252717     
  0.34600000000000003       0.87659733889891722      -0.22376584247992232     
  0.34610000000000002       0.87692272167223018      -0.22350666938011979     
  0.34620000000000001       0.87724763731741384      -0.22324737722050758     
  0.34630000000000000       0.87757208604980641      -0.22298796623805497     
  0.34640000000000004       0.87789606808429421      -0.22272843666931380     
  0.34650000000000003       0.87821958363531261      -0.22246878875041975     
  0.34660000000000002       0.87854263291684687      -0.22220902271709361     
  0.34670000000000001       0.87886521614243307      -0.22194913880464257     
  0.34680000000000000       0.87918733352515888      -0.22168913724796144     
  0.34690000000000004       0.87950898527766441      -0.22142901828153397     
  0.34700000000000003       0.87983017161214327      -0.22116878213943408     
  0.34710000000000002       0.88015089274034319      -0.22090842905532712     
  0.34720000000000001       0.88047114887356692      -0.22064795926247108     
  0.34730000000000000       0.88079094022267324      -0.22038737299371786     
  0.34740000000000004       0.88111026699807771      -0.22012667048151452     
  0.34750000000000003       0.88142912940975349      -0.21986585195790453     
  0.34760000000000002       0.88174752766723219      -0.21960491765452897     
  0.34770000000000001       0.88206546197960478      -0.21934386780262774     
  0.34780000000000000       0.88238293255552236      -0.21908270263304083     
  0.34790000000000004       0.88269993960319693      -0.21882142237620952     
  0.34800000000000003       0.88301648333040239      -0.21856002726217758     
  0.34810000000000002       0.88333256394447535      -0.21829851752059248     
  0.34820000000000001       0.88364818165231585      -0.21803689338070664     
  0.34830000000000000       0.88396333666038818      -0.21777515507137860     
  0.34840000000000004       0.88427802917472187      -0.21751330282107420     
  0.34850000000000003       0.88459225940091235      -0.21725133685786779     
  0.34860000000000002       0.88490602754412195      -0.21698925740944344     
  0.34870000000000001       0.88521933380908047      -0.21672706470309611     
  0.34880000000000000       0.88553217840008613      -0.21646475896573281     
  0.34890000000000004       0.88584456152100644      -0.21620234042387382     
  0.34900000000000003       0.88615648337527886      -0.21593980930365383     
  0.34910000000000002       0.88646794416591168      -0.21567716583082314     
  0.34920000000000001       0.88677894409548497      -0.21541441023074878     
  0.34930000000000000       0.88708948336615112      -0.21515154272841575     
  0.34940000000000004       0.88739956217963578      -0.21488856354842809     
  0.34950000000000003       0.88770918073723870      -0.21462547291501008     
  0.34960000000000002       0.88801833923983442      -0.21436227105200739     
  0.34970000000000001       0.88832703788787315      -0.21409895818288824     
  0.34980000000000000       0.88863527688138144      -0.21383553453074450     
  0.34990000000000004       0.88894305641996318      -0.21357200031829288     
  0.35000000000000003       0.88925037670280016      -0.21330835576787602     
  0.35010000000000002       0.88955723792865293      -0.21304460110146364     
  0.35020000000000001       0.88986364029586174      -0.21278073654065369     
  0.35030000000000000       0.89016958400234703      -0.21251676230667343     
  0.35039999999999999       0.89047506924561037      -0.21225267862038061     
  0.35050000000000003       0.89078009622273524      -0.21198848570226450     
  0.35060000000000002       0.89108466513038787      -0.21172418377244709     
  0.35070000000000001       0.89138877616481782      -0.21145977305068414     
  0.35080000000000000       0.89169242952185879      -0.21119525375636633     
  0.35089999999999999       0.89199562539692956      -0.21093062610852034     
  0.35100000000000003       0.89229836398503448      -0.21066589032580993     
  0.35110000000000002       0.89260064548076457      -0.21040104662653708     
  0.35120000000000001       0.89290247007829793      -0.21013609522864304     
  0.35130000000000000       0.89320383797140068      -0.20987103634970944     
  0.35139999999999999       0.89350474935342772      -0.20960587020695934     
  0.35150000000000003       0.89380520441732336      -0.20934059701725835     
  0.35160000000000002       0.89410520335562227      -0.20907521699711570     
  0.35170000000000001       0.89440474636045009      -0.20880973036268533     
  0.35180000000000000       0.89470383362352413      -0.20854413732976690     
  0.35189999999999999       0.89500246533615413      -0.20827843811380692     
  0.35200000000000004       0.89530064168924317      -0.20801263292989977     
  0.35210000000000002       0.89559836287328820      -0.20774672199278876     
  0.35220000000000001       0.89589562907838094      -0.20748070551686723     
  0.35230000000000000       0.89619244049420843      -0.20721458371617957     
  0.35239999999999999       0.89648879731005382      -0.20694835680442225     
  0.35250000000000004       0.89678469971479724      -0.20668202499494490     
  0.35260000000000002       0.89708014789691637      -0.20641558850075134     
  0.35270000000000001       0.89737514204448721      -0.20614904753450061     
  0.35280000000000000       0.89766968234518474      -0.20588240230850804     
  0.35289999999999999       0.89796376898628383      -0.20561565303474624     
  0.35300000000000004       0.89825740215465977      -0.20534879992484614     
  0.35310000000000002       0.89855058203678906      -0.20508184319009803     
  0.35320000000000001       0.89884330881875008      -0.20481478304145256     
  0.35330000000000000       0.89913558268622384      -0.20454761968952179     
  0.35339999999999999       0.89942740382449471      -0.20428035334458017     
  0.35350000000000004       0.89971877241845100      -0.20401298421656558     
  0.35360000000000003       0.90000968865258590      -0.20374551251508033     
  0.35370000000000001       0.90030015271099795      -0.20347793844939216     
  0.35380000000000000       0.90059016477739184      -0.20321026222843525     
  0.35389999999999999       0.90087972503507907      -0.20294248406081120     
  0.35400000000000004       0.90116883366697875      -0.20267460415479005     
  0.35410000000000003       0.90145749085561810      -0.20240662271831128     
  0.35420000000000001       0.90174569678313343      -0.20213853995898476     
  0.35430000000000000       0.90203345163127047      -0.20187035608409179     
  0.35439999999999999       0.90232075558138536      -0.20160207130058605     
  0.35450000000000004       0.90260760881444524      -0.20133368581509456     
  0.35460000000000003       0.90289401151102888      -0.20106519983391871     
  0.35470000000000002       0.90317996385132737      -0.20079661356303519     
  0.35480000000000000       0.90346546601514477      -0.20052792720809695     
  0.35489999999999999       0.90375051818189889      -0.20025914097443426     
  0.35500000000000004       0.90403512053062196      -0.19999025506705556     
  0.35510000000000003       0.90431927323996131      -0.19972126969064849     
  0.35520000000000002       0.90460297648817989      -0.19945218504958082     
  0.35530000000000000       0.90488623045315708      -0.19918300134790143     
  0.35539999999999999       0.90516903531238924      -0.19891371878934125     
  0.35550000000000004       0.90545139124299057      -0.19864433757731420     
  0.35560000000000003       0.90573329842169359      -0.19837485791491816     
  0.35570000000000002       0.90601475702484979      -0.19810528000493585     
  0.35580000000000001       0.90629576722843053      -0.19783560404983588     
  0.35589999999999999       0.90657632920802744      -0.19756583025177360     
  0.35600000000000004       0.90685644313885316      -0.19729595881259207     
  0.35610000000000003       0.90713610919574195      -0.19702598993382298     
  0.35620000000000002       0.90741532755315046      -0.19675592381668755     
  0.35630000000000001       0.90769409838515835      -0.19648576066209755     
  0.35639999999999999       0.90797242186546889      -0.19621550067065613     
  0.35650000000000004       0.90825029816740954      -0.19594514404265875     
  0.35660000000000003       0.90852772746393262      -0.19567469097809417     
  0.35670000000000002       0.90880470992761608      -0.19540414167664527     
  0.35680000000000001       0.90908124573066407      -0.19513349633769003     
  0.35690000000000000       0.90935733504490757      -0.19486275516030241     
  0.35700000000000004       0.90963297804180498      -0.19459191834325326     
  0.35710000000000003       0.90990817489244280      -0.19432098608501122     
  0.35720000000000002       0.91018292576753623      -0.19404995858374363     
  0.35730000000000001       0.91045723083742991      -0.19377883603731744     
  0.35740000000000000       0.91073109027209842      -0.19350761864330004     
  0.35750000000000004       0.91100450424114687      -0.19323630659896024     
  0.35760000000000003       0.91127747291381167      -0.19296490010126910     
  0.35770000000000002       0.91154999645896118      -0.19269339934690083     
  0.35780000000000001       0.91182207504509605      -0.19242180453223370     
  0.35790000000000000       0.91209370884035013      -0.19215011585335090     
  0.35800000000000004       0.91236489801249099      -0.19187833350604139     
  0.35810000000000003       0.91263564272892050      -0.19160645768580081     
  0.35820000000000002       0.91290594315667550      -0.19133448858783239     
  0.35830000000000001       0.91317579946242833      -0.19106242640704774     
  0.35840000000000000       0.91344521181248750      -0.19079027133806772     
  0.35850000000000004       0.91371418037279828      -0.19051802357522341     
  0.35860000000000003       0.91398270530894332      -0.19024568331255684     
  0.35870000000000002       0.91425078678614335      -0.18997325074382199     
  0.35880000000000001       0.91451842496925750      -0.18970072606248550     
  0.35890000000000000       0.91478562002278418      -0.18942810946172764     
  0.35900000000000004       0.91505237211086166      -0.18915540113444307     
  0.35910000000000003       0.91531868139726846      -0.18888260127324175     
  0.35920000000000002       0.91558454804542411      -0.18860971007044977     
  0.35930000000000001       0.91584997221838960      -0.18833672771811022     
  0.35940000000000000       0.91611495407886823      -0.18806365440798398     
  0.35950000000000004       0.91637949378920591      -0.18779049033155060     
  0.35960000000000003       0.91664359151139196      -0.18751723568000911     
  0.35970000000000002       0.91690724740705964      -0.18724389064427890     
  0.35980000000000001       0.91717046163748672      -0.18697045541500049     
  0.35990000000000000       0.91743323436359603      -0.18669693018253639     
  0.36000000000000004       0.91769556574595601      -0.18642331513697191     
  0.36010000000000003       0.91795745594478140      -0.18614961046811604     
  0.36020000000000002       0.91821890511993376      -0.18587581636550218     
  0.36030000000000001       0.91847991343092206      -0.18560193301838906     
  0.36040000000000000       0.91874048103690320      -0.18532796061576148     
  0.36050000000000004       0.91900060809668260      -0.18505389934633112     
  0.36060000000000003       0.91926029476871485      -0.18477974939853742     
  0.36070000000000002       0.91951954121110413      -0.18450551096054832     
  0.36080000000000001       0.91977834758160504      -0.18423118422026113     
  0.36090000000000000       0.92003671403762288      -0.18395676936530328     
  0.36100000000000004       0.92029464073621436      -0.18368226658303313     
  0.36110000000000003       0.92055212783408813      -0.18340767606054081     
  0.36120000000000002       0.92080917548760521      -0.18313299798464899     
  0.36130000000000001       0.92106578385277982      -0.18285823254191366     
  0.36140000000000000       0.92132195308527975      -0.18258337991862494     
  0.36150000000000004       0.92157768334042700      -0.18230844030080789     
  0.36160000000000003       0.92183297477319825      -0.18203341387422325     
  0.36170000000000002       0.92208782753822549      -0.18175830082436825     
  0.36180000000000001       0.92234224178979651      -0.18148310133647741     
  0.36190000000000000       0.92259621768185551      -0.18120781559552329     
  0.36200000000000004       0.92284975536800362      -0.18093244378621731     
  0.36210000000000003       0.92310285500149936      -0.18065698609301048     
  0.36220000000000002       0.92335551673525929      -0.18038144270009418     
  0.36230000000000001       0.92360774072185858      -0.18010581379140098     
  0.36240000000000000       0.92385952711353148      -0.17983009955060536     
  0.36250000000000004       0.92411087606217179      -0.17955430016112450     
  0.36260000000000003       0.92436178771933364      -0.17927841580611903     
  0.36270000000000002       0.92461226223623172      -0.17900244666849380     
  0.36280000000000001       0.92486229976374201      -0.17872639293089862     
  0.36290000000000000       0.92511190045240221      -0.17845025477572907     
  0.36300000000000004       0.92536106445241240      -0.17817403238512722     
  0.36310000000000003       0.92560979191363535      -0.17789772594098238     
  0.36320000000000002       0.92585808298559735      -0.17762133562493188     
  0.36330000000000001       0.92610593781748851      -0.17734486161836177     
  0.36340000000000000       0.92635335655816331      -0.17706830410240762     
  0.36349999999999999       0.92660033935614117      -0.17679166325795526     
  0.36360000000000003       0.92684688635960699      -0.17651493926564146     
  0.36370000000000002       0.92709299771641163      -0.17623813230585475     
  0.36380000000000001       0.92733867357407251      -0.17596124255873610     
  0.36390000000000000       0.92758391407977392      -0.17568427020417973     
  0.36399999999999999       0.92782871938036782      -0.17540721542183377     
  0.36410000000000003       0.92807308962237411      -0.17513007839110101     
  0.36420000000000002       0.92831702495198121      -0.17485285929113964     
  0.36430000000000001       0.92856052551504664      -0.17457555830086399     
  0.36440000000000000       0.92880359145709745      -0.17429817559894523     
  0.36449999999999999       0.92904622292333083      -0.17402071136381211     
  0.36460000000000004       0.92928842005861456      -0.17374316577365170     
  0.36470000000000002       0.92953018300748746      -0.17346553900641007     
  0.36480000000000001       0.92977151191415985      -0.17318783123979301     
  0.36490000000000000       0.93001240692251430      -0.17291004265126678     
  0.36499999999999999       0.93025286817610586      -0.17263217341805881     
  0.36510000000000004       0.93049289581816264      -0.17235422371715842     
  0.36520000000000002       0.93073248999158642      -0.17207619372531752     
  0.36530000000000001       0.93097165083895295      -0.17179808361905130     
  0.36540000000000000       0.93121037850251265      -0.17151989357463895     
  0.36549999999999999       0.93144867312419100      -0.17124162376812438     
  0.36560000000000004       0.93168653484558894      -0.17096327437531689     
  0.36570000000000003       0.93192396380798348      -0.17068484557179189     
  0.36580000000000001       0.93216096015232819      -0.17040633753289161     
  0.36590000000000000       0.93239752401925369      -0.17012775043372574     
  0.36599999999999999       0.93263365554906807      -0.16984908444917221     
  0.36610000000000004       0.93286935488175737      -0.16957033975387781     
  0.36620000000000003       0.93310462215698609      -0.16929151652225891     
  0.36630000000000001       0.93333945751409775      -0.16901261492850211     
  0.36640000000000000       0.93357386109211526      -0.16873363514656503     
  0.36649999999999999       0.93380783302974135      -0.16845457735017685     
  0.36660000000000004       0.93404137346535920      -0.16817544171283913     
  0.36670000000000003       0.93427448253703282      -0.16789622840782639     
  0.36680000000000001       0.93450716038250758      -0.16761693760818683     
  0.36690000000000000       0.93473940713921067      -0.16733756948674300     
  0.36699999999999999       0.93497122294425150      -0.16705812421609248     
  0.36710000000000004       0.93520260793442223      -0.16677860196860853     
  0.36720000000000003       0.93543356224619822      -0.16649900291644079     
  0.36730000000000002       0.93566408601573847      -0.16621932723151595     
  0.36740000000000000       0.93589417937888619      -0.16593957508553839     
  0.36749999999999999       0.93612384247116909      -0.16565974664999086     
  0.36760000000000004       0.93635307542780000      -0.16537984209613515     
  0.36770000000000003       0.93658187838367724      -0.16509986159501275     
  0.36780000000000002       0.93681025147338515      -0.16481980531744550     
  0.36790000000000000       0.93703819483119455      -0.16453967343403625     
  0.36799999999999999       0.93726570859106306      -0.16425946611516953     
  0.36810000000000004       0.93749279288663567      -0.16397918353101218     
  0.36820000000000003       0.93771944785124517      -0.16369882585151402     
  0.36830000000000002       0.93794567361791270      -0.16341839324640850     
  0.36840000000000001       0.93817147031934800      -0.16313788588521336     
  0.36849999999999999       0.93839683808794994      -0.16285730393723122     
  0.36860000000000004       0.93862177705580707      -0.16257664757155030     
  0.36870000000000003       0.93884628735469799      -0.16229591695704504     
  0.36880000000000002       0.93907036911609176      -0.16201511226237672     
  0.36890000000000001       0.93929402247114835      -0.16173423365599413     
  0.36899999999999999       0.93951724755071919      -0.16145328130613415     
  0.36910000000000004       0.93974004448534743      -0.16117225538082250     
  0.36920000000000003       0.93996241340526854      -0.16089115604787424     
  0.36930000000000002       0.94018435444041071      -0.16060998347489450     
  0.36940000000000001       0.94040586772039525      -0.16032873782927909     
  0.36950000000000000       0.94062695337453706      -0.16004741927821511     
  0.36960000000000004       0.94084761153184504      -0.15976602798868159     
  0.36970000000000003       0.94106784232102247      -0.15948456412745007     
  0.36980000000000002       0.94128764587046754      -0.15920302786108534     
  0.36990000000000001       0.94150702230827377      -0.15892141935594595     
  0.37000000000000000       0.94172597176223038      -0.15863973877818488     
  0.37010000000000004       0.94194449435982286      -0.15835798629375017     
  0.37020000000000003       0.94216259022823312      -0.15807616206838551     
  0.37030000000000002       0.94238025949434023      -0.15779426626763088     
  0.37040000000000001       0.94259750228472061      -0.15751229905682312     
  0.37050000000000000       0.94281431872564858      -0.15723026060109663     
  0.37060000000000004       0.94303070894309671      -0.15694815106538387     
  0.37070000000000003       0.94324667306273624      -0.15666597061441609     
  0.37080000000000002       0.94346221120993756      -0.15638371941272383     
  0.37090000000000001       0.94367732350977063      -0.15610139762463759     
  0.37100000000000000       0.94389201008700541      -0.15581900541428842     
  0.37110000000000004       0.94410627106611211      -0.15553654294560851     
  0.37120000000000003       0.94432010657126186      -0.15525401038233183     
  0.37130000000000002       0.94453351672632690      -0.15497140788799468     
  0.37140000000000001       0.94474650165488105      -0.15468873562593632     
  0.37150000000000000       0.94495906148020026      -0.15440599375929959     
  0.37160000000000004       0.94517119632526281      -0.15412318245103143     
  0.37170000000000003       0.94538290631274979      -0.15384030186388356     
  0.37180000000000002       0.94559419156504565      -0.15355735216041300     
  0.37190000000000001       0.94580505220423838      -0.15327433350298270     
  0.37200000000000000       0.94601548835212002      -0.15299124605376213     
  0.37210000000000004       0.94622550013018714      -0.15270808997472787     
  0.37220000000000003       0.94643508765964113      -0.15242486542766417     
  0.37230000000000002       0.94664425106138861      -0.15214157257416358     
  0.37240000000000001       0.94685299045604188      -0.15185821157562748     
  0.37250000000000000       0.94706130596391924      -0.15157478259326670     
  0.37260000000000004       0.94726919770504547      -0.15129128578810211     
  0.37270000000000003       0.94747666579915224      -0.15100772132096513     
  0.37280000000000002       0.94768371036567833      -0.15072408935249837     
  0.37290000000000001       0.94789033152377034      -0.15044039004315621     
  0.37300000000000000       0.94809652939228273      -0.15015662355320533     
  0.37310000000000004       0.94830230408977845      -0.14987279004272533     
  0.37320000000000003       0.94850765573452922      -0.14958888967160927     
  0.37330000000000002       0.94871258444451589      -0.14930492259956424     
  0.37340000000000001       0.94891709033742899      -0.14902088898611196     
  0.37350000000000000       0.94912117353066894      -0.14873678899058931     
  0.37360000000000004       0.94932483414134650      -0.14845262277214891     
  0.37370000000000003       0.94952807228628311      -0.14816839048975966     
  0.37380000000000002       0.94973088808201145      -0.14788409230220737     
  0.37390000000000001       0.94993328164477564      -0.14759972836809523     
  0.37400000000000000       0.95013525309053160      -0.14731529884584449     
  0.37410000000000004       0.95033680253494757      -0.14703080389369488     
  0.37420000000000003       0.95053793009340437      -0.14674624366970526     
  0.37430000000000002       0.95073863588099583      -0.14646161833175414     
  0.37440000000000001       0.95093892001252922      -0.14617692803754026     
  0.37450000000000000       0.95113878260252549      -0.14589217294458312     
  0.37460000000000004       0.95133822376521970      -0.14560735321022353     
  0.37470000000000003       0.95153724361456138      -0.14532246899162415     
  0.37480000000000002       0.95173584226421504      -0.14503752044577009     
  0.37490000000000001       0.95193401982756032      -0.14475250772946940     
  0.37500000000000000       0.95213177641769253      -0.14446743099935366     
  0.37510000000000004       0.95232911214742288      -0.14418229041187849     
  0.37520000000000003       0.95252602712927892      -0.14389708612332411     
  0.37530000000000002       0.95272252147550496      -0.14361181828979588     
  0.37540000000000001       0.95291859529806233      -0.14332648706722487     
  0.37550000000000000       0.95311424870862971      -0.14304109261136830     
  0.37560000000000004       0.95330948181860364      -0.14275563507781019     
  0.37570000000000003       0.95350429473909881      -0.14247011462196185     
  0.37580000000000002       0.95369868758094845      -0.14218453139906242     
  0.37590000000000001       0.95389266045470456      -0.14189888556417940     
  0.37600000000000000       0.95408621347063838      -0.14161317727220918     
  0.37610000000000005       0.95427934673874071      -0.14132740667787758     
  0.37620000000000003       0.95447206036872234      -0.14104157393574035     
  0.37630000000000002       0.95466435447001430      -0.14075567920018375     
  0.37640000000000001       0.95485622915176827      -0.14046972262542506     
  0.37650000000000000       0.95504768452285682      -0.14018370436551308     
  0.37659999999999999       0.95523872069187399      -0.13989762457432869     
  0.37670000000000003       0.95542933776713546      -0.13961148340558535     
  0.37680000000000002       0.95561953585667880      -0.13932528101282959     
  0.37690000000000001       0.95580931506826416      -0.13903901754944162     
  0.37700000000000000       0.95599867550937434      -0.13875269316863575     
  0.37709999999999999       0.95618761728721513      -0.13846630802346102     
  0.37720000000000004       0.95637614050871578      -0.13817986226680160     
  0.37730000000000002       0.95656424528052930      -0.13789335605137737     
  0.37740000000000001       0.95675193170903283      -0.13760678952974445     
  0.37750000000000000       0.95693919990032783      -0.13732016285429566     
  0.37759999999999999       0.95712604996024064      -0.13703347617726108     
  0.37770000000000004       0.95731248199432262      -0.13674672965070853     
  0.37780000000000002       0.95749849610785065      -0.13645992342654409     
  0.37790000000000001       0.95768409240582730      -0.13617305765651261     
  0.37800000000000000       0.95786927099298136      -0.13588613249219822     
  0.37809999999999999       0.95805403197376804      -0.13559914808502482     
  0.37820000000000004       0.95823837545236923      -0.13531210458625662     
  0.37830000000000003       0.95842230153269403      -0.13502500214699859     
  0.37840000000000001       0.95860581031837899      -0.13473784091819699     
  0.37850000000000000       0.95878890191278843      -0.13445062105063990     
  0.37859999999999999       0.95897157641901476      -0.13416334269495769     
  0.37870000000000004       0.95915383393987874      -0.13387600600162353     
  0.37880000000000003       0.95933567457793001      -0.13358861112095385     
  0.37890000000000001       0.95951709843544719      -0.13330115820310892     
  0.37900000000000000       0.95969810561443836      -0.13301364739809324     
  0.37909999999999999       0.95987869621664135      -0.13272607885575610     
  0.37920000000000004       0.96005887034352400      -0.13243845272579208     
  0.37930000000000003       0.96023862809628457      -0.13215076915774152     
  0.37940000000000002       0.96041796957585190      -0.13186302830099098     
  0.37950000000000000       0.96059689488288591      -0.13157523030477380     
  0.37959999999999999       0.96077540411777784      -0.13128737531817056     
  0.37970000000000004       0.96095349738065061      -0.13099946349010949     
  0.37980000000000003       0.96113117477135901      -0.13071149496936710     
  0.37990000000000002       0.96130843638949026      -0.13042346990456855     
  0.38000000000000000       0.96148528233436403      -0.13013538844418815     
  0.38009999999999999       0.96166171270503287      -0.12984725073654993     
  0.38020000000000004       0.96183772760028263      -0.12955905692982800     
  0.38030000000000003       0.96201332711863263      -0.12927080717204711     
  0.38040000000000002       0.96218851135833605      -0.12898250161108313     
  0.38050000000000000       0.96236328041738028      -0.12869414039466345     
  0.38059999999999999       0.96253763439348705      -0.12840572367036759     
  0.38070000000000004       0.96271157338411295      -0.12811725158562753     
  0.38080000000000003       0.96288509748644957      -0.12782872428772829     
  0.38090000000000002       0.96305820679742382      -0.12754014192380836     
  0.38100000000000001       0.96323090141369838      -0.12725150464086019     
  0.38109999999999999       0.96340318143167181      -0.12696281258573064     
  0.38120000000000004       0.96357504694747897      -0.12667406590512148     
  0.38130000000000003       0.96374649805699131      -0.12638526474558984     
  0.38140000000000002       0.96391753485581722      -0.12609640925354865     
  0.38150000000000001       0.96408815743930221      -0.12580749957526718     
  0.38159999999999999       0.96425836590252922      -0.12551853585687148     
  0.38170000000000004       0.96442816034031897      -0.12522951824434478     
  0.38180000000000003       0.96459754084723037      -0.12494044688352804     
  0.38190000000000002       0.96476650751756055      -0.12465132192012036     
  0.38200000000000001       0.96493506044534527      -0.12436214349967950     
  0.38210000000000000       0.96510319972435943      -0.12407291176762227     
  0.38220000000000004       0.96527092544811699      -0.12378362686922502     
  0.38230000000000003       0.96543823770987147      -0.12349428894962412     
  0.38240000000000002       0.96560513660261627      -0.12320489815381641     
  0.38250000000000001       0.96577162221908486      -0.12291545462665963     
  0.38260000000000000       0.96593769465175117      -0.12262595851287292     
  0.38270000000000004       0.96610335399282976      -0.12233640995703722     
  0.38280000000000003       0.96626860033427620      -0.12204680910359578     
  0.38290000000000002       0.96643343376778723      -0.12175715609685456     
  0.38300000000000001       0.96659785438480117      -0.12146745108098274     
  0.38310000000000000       0.96676186227649819      -0.12117769420001313     
  0.38320000000000004       0.96692545753380055      -0.12088788559784264     
  0.38330000000000003       0.96708864024737295      -0.12059802541823270     
  0.38340000000000002       0.96725141050762264      -0.12030811380480974     
  0.38350000000000001       0.96741376840469995      -0.12001815090106564     
  0.38360000000000000       0.96757571402849840      -0.11972813685035816     
  0.38370000000000004       0.96773724746865497      -0.11943807179591136     
  0.38380000000000003       0.96789836881455049      -0.11914795588081610     
  0.38390000000000002       0.96805907815530978      -0.11885778924803045     
  0.38400000000000001       0.96821937557980198      -0.11856757204038014     
  0.38410000000000000       0.96837926117664086      -0.11827730440055900     
  0.38420000000000004       0.96853873503418508      -0.11798698647112942     
  0.38430000000000003       0.96869779724053851      -0.11769661839452272     
  0.38440000000000002       0.96885644788355041      -0.11740620031303969     
  0.38450000000000001       0.96901468705081573      -0.11711573236885096     
  0.38460000000000000       0.96917251482967537      -0.11682521470399745     
  0.38470000000000004       0.96932993130721645      -0.11653464746039081     
  0.38480000000000003       0.96948693657027263      -0.11624403077981386     
  0.38490000000000002       0.96964353070542431      -0.11595336480392103     
  0.38500000000000001       0.96979971379899887      -0.11566264967423875     
  0.38510000000000000       0.96995548593707104      -0.11537188553216596     
  0.38520000000000004       0.97011084720546314      -0.11508107251897445     
  0.38530000000000003       0.97026579768974530      -0.11479021077580938     
  0.38540000000000002       0.97042033747523571      -0.11449930044368963     
  0.38550000000000001       0.97057446664700098      -0.11420834166350827     
  0.38560000000000000       0.97072818528985627      -0.11391733457603301     
  0.38570000000000004       0.97088149348836561      -0.11362627932190657     
  0.38580000000000003       0.97103439132684211      -0.11333517604164715     
  0.38590000000000002       0.97118687888934829      -0.11304402487564885     
  0.38600000000000001       0.97133895625969635      -0.11275282596418205     
  0.38610000000000000       0.97149062352144833      -0.11246157944739391     
  0.38620000000000004       0.97164188075791647      -0.11217028546530870     
  0.38630000000000003       0.97179272805216343      -0.11187894415782833     
  0.38640000000000002       0.97194316548700255      -0.11158755566473266     
  0.38650000000000001       0.97209319314499798      -0.11129612012568002     
  0.38660000000000000       0.97224281110846511      -0.11100463768020755     
  0.38670000000000004       0.97239201945947074      -0.11071310846773165     
  0.38680000000000003       0.97254081827983330      -0.11042153262754840     
  0.38690000000000002       0.97268920765112310      -0.11012991029883400     
  0.38700000000000001       0.97283718765466276      -0.10983824162064511     
  0.38710000000000000       0.97298475837152720      -0.10954652673191935     
  0.38720000000000004       0.97313191988254399      -0.10925476577147566     
  0.38730000000000003       0.97327867226829357      -0.10896295887801476     
  0.38740000000000002       0.97342501560910955      -0.10867110619011948     
  0.38750000000000001       0.97357094998507898      -0.10837920784625528     
  0.38760000000000000       0.97371647547604256      -0.10808726398477057     
  0.38770000000000004       0.97386159216159474      -0.10779527474389718     
  0.38780000000000003       0.97400630012108413      -0.10750324026175070     
  0.38790000000000002       0.97415059943361382      -0.10721116067633099     
  0.38800000000000001       0.97429449017804126      -0.10691903612552248     
  0.38810000000000000       0.97443797243297892      -0.10662686674709464     
  0.38820000000000005       0.97458104627679432      -0.10633465267870237     
  0.38830000000000003       0.97472371178761019      -0.10604239405788643     
  0.38840000000000002       0.97486596904330491      -0.10575009102207379     
  0.38850000000000001       0.97500781812151260      -0.10545774370857809     
  0.38860000000000000       0.97514925909962336      -0.10516535225460000     
  0.38870000000000005       0.97529029205478357      -0.10487291679722763     
  0.38880000000000003       0.97543091706389606      -0.10458043747343695     
  0.38890000000000002       0.97557113420362040      -0.10428791442009219     
  0.38900000000000001       0.97571094355037302      -0.10399534777394621     
  0.38910000000000000       0.97585034518032765      -0.10370273767164093     
  0.38920000000000005       0.97598933916941533      -0.10341008424970768     
  0.38930000000000003       0.97612792559332473      -0.10311738764456770     
  0.38940000000000002       0.97626610452750240      -0.10282464799253239     
  0.38950000000000001       0.97640387604715306      -0.10253186542980386     
  0.38960000000000000       0.97654124022723965      -0.10223904009247518     
  0.38970000000000005       0.97667819714248361      -0.10194617211653090     
  0.38980000000000004       0.97681474686736514      -0.10165326163784734     
  0.38990000000000002       0.97695088947612352      -0.10136030879219306     
  0.39000000000000001       0.97708662504275723      -0.10106731371522920     
  0.39010000000000000       0.97722195364102404      -0.10077427654250991     
  0.39019999999999999       0.97735687534444149      -0.10048119740948271     
  0.39030000000000004       0.97749139022628695      -0.10018807645148889     
  0.39040000000000002       0.97762549835959789       -9.9894913803763905E-002
  0.39050000000000001       0.97775919981717208       -9.9601709601437757E-002
  0.39060000000000000       0.97789249467156780       -9.9308463979535397E-002
  0.39069999999999999       0.97802538299510411       -9.9015177072977079E-002
  0.39080000000000004       0.97815786485986100       -9.8721849016578767E-002
  0.39090000000000003       0.97828994033767969       -9.8428479945052536E-002
  0.39100000000000001       0.97842160950016266       -9.8135069993006918E-002
  0.39110000000000000       0.97855287241867417       -9.7841619294947321E-002
  0.39119999999999999       0.97868372916434010       -9.7548127985276400E-002
  0.39130000000000004       0.97881417980804852       -9.7254596198294421E-002
  0.39140000000000003       0.97894422442044970       -9.6961024068199675E-002
  0.39150000000000001       0.97907386307195632       -9.6667411729088840E-002
  0.39160000000000000       0.97920309583274368       -9.6373759314957355E-002
  0.39169999999999999       0.97933192277275005       -9.6080066959699825E-002
  0.39180000000000004       0.97946034396167669       -9.5786334797110378E-002
  0.39190000000000003       0.97958835946898815       -9.5492562960883043E-002
  0.39200000000000002       0.97971596936391248       -9.5198751584612135E-002
  0.39210000000000000       0.97984317371544150       -9.4904900801792647E-002
  0.39219999999999999       0.97996997259233087       -9.4611010745820595E-002
  0.39230000000000004       0.98009636606310035       -9.4317081549993409E-002
  0.39240000000000003       0.98022235419603410       -9.4023113347510304E-002
  0.39250000000000002       0.98034793705918066       -9.3729106271472670E-002
  0.39260000000000000       0.98047311472035337       -9.3435060454884422E-002
  0.39269999999999999       0.98059788724713037       -9.3140976030652398E-002
  0.39280000000000004       0.98072225470685503       -9.2846853131586707E-002
  0.39290000000000003       0.98084621716663600       -9.2552691890401106E-002
  0.39300000000000002       0.98096977469334745       -9.2258492439713388E-002
  0.39310000000000000       0.98109292735362930       -9.1964254912045726E-002
  0.39319999999999999       0.98121567521388731       -9.1669979439825064E-002
  0.39330000000000004       0.98133801834029344       -9.1375666155383478E-002
  0.39340000000000003       0.98145995679878584       -9.1081315190958551E-002
  0.39350000000000002       0.98158149065506917       -9.0786926678693716E-002
  0.39360000000000001       0.98170261997461483       -9.0492500750638666E-002
  0.39369999999999999       0.98182334482266109       -9.0198037538749679E-002
  0.39380000000000004       0.98194366526421339       -8.9903537174890011E-002
  0.39390000000000003       0.98206358136404437       -8.9608999790830243E-002
  0.39400000000000002       0.98218309318669406       -8.9314425518248655E-002
  0.39410000000000001       0.98230220079647013       -8.9019814488731586E-002
  0.39419999999999999       0.98242090425744821       -8.8725166833773794E-002
  0.39430000000000004       0.98253920363347191       -8.8430482684778836E-002
  0.39440000000000003       0.98265709898815301       -8.8135762173059407E-002
  0.39450000000000002       0.98277459038487180       -8.7841005429837721E-002
  0.39460000000000001       0.98289167788677712       -8.7546212586245870E-002
  0.39470000000000000       0.98300836155678650       -8.7251383773326169E-002
  0.39480000000000004       0.98312464145758649       -8.6956519122031520E-002
  0.39490000000000003       0.98324051765163278       -8.6661618763225770E-002
  0.39500000000000002       0.98335599020115050       -8.6366682827684088E-002
  0.39510000000000001       0.98347105916813415       -8.6071711446093310E-002
  0.39520000000000000       0.98358572461434801       -8.5776704749052288E-002
  0.39530000000000004       0.98369998660132618       -8.5481662867072247E-002
  0.39540000000000003       0.98381384519037285       -8.5186585930577166E-002
  0.39550000000000002       0.98392730044256249       -8.4891474069904105E-002
  0.39560000000000001       0.98404035241873988       -8.4596327415303568E-002
  0.39570000000000000       0.98415300117952054       -8.4301146096939866E-002
  0.39580000000000004       0.98426524678529059       -8.4005930244891461E-002
  0.39590000000000003       0.98437708929620726       -8.3710679989151326E-002
  0.39600000000000002       0.98448852877219883       -8.3415395459627284E-002
  0.39610000000000001       0.98459956527296488       -8.3120076786142374E-002
  0.39620000000000000       0.98471019885797650       -8.2824724098435207E-002
  0.39630000000000004       0.98482042958647642       -8.2529337526160304E-002
  0.39640000000000003       0.98493025751747920       -8.2233917198888451E-002
  0.39650000000000002       0.98503968270977138       -8.1938463246107054E-002
  0.39660000000000001       0.98514870522191167       -8.1642975797220477E-002
  0.39670000000000000       0.98525732511223119       -8.1347454981550396E-002
  0.39680000000000004       0.98536554243883345       -8.1051900928336140E-002
  0.39690000000000003       0.98547335725959473       -8.0756313766735061E-002
  0.39700000000000002       0.98558076963216412       -8.0460693625822852E-002
  0.39710000000000001       0.98568777961396370       -8.0165040634593912E-002
  0.39720000000000000       0.98579438726218882       -7.9869354921961691E-002
  0.39730000000000004       0.98590059263380814       -7.9573636616759036E-002
  0.39740000000000003       0.98600639578556382       -7.9277885847738525E-002
  0.39750000000000002       0.98611179677397176       -7.8982102743572813E-002
  0.39760000000000001       0.98621679565532172       -7.8686287432854995E-002
  0.39770000000000000       0.98632139248567741       -7.8390440044098925E-002
  0.39780000000000004       0.98642558732087671       -7.8094560705739557E-002
  0.39790000000000003       0.98652938021653180       -7.7798649546133317E-002
  0.39800000000000002       0.98663277122802950       -7.7502706693558424E-002
  0.39810000000000001       0.98673576041053124       -7.7206732276215231E-002
  0.39820000000000000       0.98683834781897317       -7.6910726422226572E-002
  0.39830000000000004       0.98694053350806654       -7.6614689259638089E-002
  0.39840000000000003       0.98704231753229765       -7.6318620916418597E-002
  0.39850000000000002       0.98714369994592821       -7.6022521520460393E-002
  0.39860000000000001       0.98724468080299532       -7.5726391199579621E-002
  0.39870000000000000       0.98734526015731172       -7.5430230081516586E-002
  0.39880000000000004       0.98744543806246587       -7.5134038293936112E-002
  0.39890000000000003       0.98754521457182221       -7.4837815964427873E-002
  0.39900000000000002       0.98764458973852121       -7.4541563220506715E-002
  0.39910000000000001       0.98774356361547966       -7.4245280189613017E-002
  0.39920000000000000       0.98784213625539063       -7.3948966999113006E-002
  0.39930000000000004       0.98794030771072383       -7.3652623776299109E-002
  0.39940000000000003       0.98803807803372556       -7.3356250648390270E-002
  0.39950000000000002       0.98813544727641900       -7.3059847742532311E-002
  0.39960000000000001       0.98823241549060437       -7.2763415185798222E-002
  0.39970000000000000       0.98832898272785896       -7.2466953105188539E-002
  0.39980000000000004       0.98842514903953749       -7.2170461627631660E-002
  0.39990000000000003       0.98852091447677204       -7.1873940879984166E-002
  0.40000000000000002       0.98861627909047223       -7.1577390989031167E-002
  0.40010000000000001       0.98871124293132551       -7.1280812081486622E-002
  0.40020000000000000       0.98880580604979718       -7.0984204283993685E-002
  0.40030000000000004       0.98889996849613049       -7.0687567723125025E-002
  0.40040000000000003       0.98899373032034699       -7.0390902525383159E-002
  0.40050000000000002       0.98908709157224650       -7.0094208817200770E-002
  0.40060000000000001       0.98918005230140726       -6.9797486724941057E-002
  0.40070000000000000       0.98927261255718613       -6.9500736374898051E-002
  0.40080000000000005       0.98936477238871878       -6.9203957893296947E-002
  0.40090000000000003       0.98945653184491977       -6.8907151406294428E-002
  0.40100000000000002       0.98954789097448259       -6.8610317039978996E-002
  0.40110000000000001       0.98963884982588002       -6.8313454920371289E-002
  0.40120000000000000       0.98972940844736401       -6.8016565173424429E-002
  0.40130000000000005       0.98981956688696615       -6.7719647925024329E-002
  0.40140000000000003       0.98990932519249752       -6.7422703300990011E-002
  0.40150000000000002       0.98999868341154884       -6.7125731427073967E-002
  0.40160000000000001       0.99008764159149076       -6.6828732428962437E-002
  0.40170000000000000       0.99017619977947402       -6.6531706432275767E-002
  0.40180000000000005       0.99026435802242940       -6.6234653562568732E-002
  0.40190000000000003       0.99035211636706799       -6.5937573945330841E-002
  0.40200000000000002       0.99043947485988126       -6.5640467705986666E-002
  0.40210000000000001       0.99052643354714121       -6.5343334969896166E-002
  0.40220000000000000       0.99061299247490053       -6.5046175862355018E-002
  0.40230000000000005       0.99069915168899281       -6.4748990508594936E-002
  0.40240000000000004       0.99078491123503243       -6.4451779033783976E-002
  0.40250000000000002       0.99087027115841486       -6.4154541563026871E-002
  0.40260000000000001       0.99095523150431686       -6.3857278221365346E-002
  0.40270000000000000       0.99103979231769634       -6.3559989133778444E-002
  0.40280000000000005       0.99112395364329287       -6.3262674425182838E-002
  0.40290000000000004       0.99120771552562748       -6.2965334220433156E-002
  0.40300000000000002       0.99129107800900296       -6.2667968644322294E-002
  0.40310000000000001       0.99137404113750394       -6.2370577821581751E-002
  0.40320000000000000       0.99145660495499699       -6.2073161876881923E-002
  0.40329999999999999       0.99153876950513076       -6.1775720934832433E-002
  0.40340000000000004       0.99162053483133605       -6.1478255119982450E-002
  0.40350000000000003       0.99170190097682609       -6.1180764556821005E-002
  0.40360000000000001       0.99178286798459658       -6.0883249369777299E-002
  0.40370000000000000       0.99186343589742587       -6.0585709683221037E-002
  0.40379999999999999       0.99194360475787491       -6.0288145621462723E-002
  0.40390000000000004       0.99202337460828749       -5.9990557308753988E-002
  0.40400000000000003       0.99210274549079036       -5.9692944869287896E-002
  0.40410000000000001       0.99218171744729333       -5.9395308427199270E-002
  0.40420000000000000       0.99226029051948950       -5.9097648106564996E-002
  0.40429999999999999       0.99233846474885512       -5.8799964031404341E-002
  0.40440000000000004       0.99241624017664998       -5.8502256325679271E-002
  0.40450000000000003       0.99249361684391746       -5.8204525113294756E-002
  0.40460000000000002       0.99257059479148446       -5.7906770518099081E-002
  0.40470000000000000       0.99264717405996172       -5.7608992663884168E-002
  0.40479999999999999       0.99272335468974393       -5.7311191674385885E-002
  0.40490000000000004       0.99279913672100983       -5.7013367673284354E-002
  0.40500000000000003       0.99287452019372213       -5.6715520784204262E-002
  0.40510000000000002       0.99294950514762792       -5.6417651130715181E-002
  0.40520000000000000       0.99302409162225858       -5.6119758836331864E-002
  0.40529999999999999       0.99309827965692998       -5.5821844024514566E-002
  0.40540000000000004       0.99317206929074253       -5.5523906818669352E-002
  0.40550000000000003       0.99324546056258134       -5.5225947342148397E-002
  0.40560000000000002       0.99331845351111636       -5.4927965718250309E-002
  0.40570000000000001       0.99339104817480250       -5.4629962070220431E-002
  0.40579999999999999       0.99346324459187962       -5.4331936521251151E-002
  0.40590000000000004       0.99353504280037264       -5.4033889194482210E-002
  0.40600000000000003       0.99360644283809185       -5.3735820213001009E-002
  0.40610000000000002       0.99367744474263286       -5.3437729699842916E-002
  0.40620000000000001       0.99374804855137666       -5.3139617777991574E-002
  0.40629999999999999       0.99381825430148985       -5.2841484570379203E-002
  0.40640000000000004       0.99388806202992463       -5.2543330199886912E-002
  0.40650000000000003       0.99395747177341909       -5.2245154789345008E-002
  0.40660000000000002       0.99402648356849710       -5.1946958461533299E-002
  0.40670000000000001       0.99409509745146851       -5.1648741339181389E-002
  0.40679999999999999       0.99416331345842934       -5.1350503544968999E-002
  0.40690000000000004       0.99423113162526167       -5.1052245201526264E-002
  0.40700000000000003       0.99429855198763395       -5.0753966431434039E-002
  0.40710000000000002       0.99436557458100105       -5.0455667357224204E-002
  0.40720000000000001       0.99443219944060424       -5.0157348101379964E-002
  0.40730000000000000       0.99449842660147136       -4.9859008786336159E-002
  0.40740000000000004       0.99456425609841703       -4.9560649534479563E-002
  0.40750000000000003       0.99462968796604267       -4.9262270468149183E-002
  0.40760000000000002       0.99469472223873645       -4.8963871709636571E-002
  0.40770000000000001       0.99475935895067358       -4.8665453381186122E-002
  0.40780000000000000       0.99482359813581644       -4.8367015604995373E-002
  0.40790000000000004       0.99488743982791450       -4.8068558503215307E-002
  0.40800000000000003       0.99495088406050447       -4.7770082197950654E-002
  0.40810000000000002       0.99501393086691048       -4.7471586811260194E-002
  0.40820000000000001       0.99507658028024415       -4.7173072465157055E-002
  0.40830000000000000       0.99513883233340461       -4.6874539281609021E-002
  0.40840000000000004       0.99520068705907860       -4.6575987382538819E-002
  0.40850000000000003       0.99526214448974060       -4.6277416889824438E-002
  0.40860000000000002       0.99532320465765300       -4.5978827925299406E-002
  0.40870000000000001       0.99538386759486608       -4.5680220610753108E-002
  0.40880000000000000       0.99544413333321813       -4.5381595067931074E-002
  0.40890000000000004       0.99550400190433552       -4.5082951418535286E-002
  0.40900000000000003       0.99556347333963280       -4.4784289784224468E-002
  0.40910000000000002       0.99562254767031277       -4.4485610286614394E-002
  0.40920000000000001       0.99568122492736677       -4.4186913047278176E-002
  0.40930000000000000       0.99573950514157439       -4.3888198187746572E-002
  0.40940000000000004       0.99579738834350384       -4.3589465829508275E-002
  0.40950000000000003       0.99585487456351207       -4.3290716094010216E-002
  0.40960000000000002       0.99591196383174463       -4.2991949102657849E-002
  0.40970000000000001       0.99596865617813590       -4.2693164976815468E-002
  0.40980000000000000       0.99602495163240912       -4.2394363837806488E-002
  0.40990000000000004       0.99608085022407655       -4.2095545806913749E-002
  0.41000000000000003       0.99613635198243944       -4.1796711005379808E-002
  0.41010000000000002       0.99619145693658817       -4.1497859554407233E-002
  0.41020000000000001       0.99624616511540243       -4.1198991575158904E-002
  0.41030000000000000       0.99630047654755116       -4.0900107188758306E-002
  0.41040000000000004       0.99635439126149272       -4.0601206516289817E-002
  0.41050000000000003       0.99640790928547485       -4.0302289678799015E-002
  0.41060000000000002       0.99646103064753488       -4.0003356797292965E-002
  0.41070000000000001       0.99651375537549969       -3.9704407992740512E-002
  0.41080000000000000       0.99656608349698594       -3.9405443386072582E-002
  0.41090000000000004       0.99661801503940006       -3.9106463098182470E-002
  0.41100000000000003       0.99666955002993829       -3.8807467249926134E-002
  0.41110000000000002       0.99672068849558682       -3.8508455962122490E-002
  0.41120000000000001       0.99677143046312189       -3.8209429355553701E-002
  0.41130000000000000       0.99682177595910970       -3.7910387550965471E-002
  0.41140000000000004       0.99687172500990673       -3.7611330669067349E-002
  0.41150000000000003       0.99692127764165961       -3.7312258830533004E-002
  0.41160000000000002       0.99697043388030537       -3.7013172156000529E-002
  0.41170000000000001       0.99701919375157133       -3.6714070766072728E-002
  0.41180000000000000       0.99706755728097529       -3.6414954781317406E-002
  0.41190000000000004       0.99711552449382557       -3.6115824322267662E-002
  0.41200000000000003       0.99716309541522108       -3.5816679509422182E-002
  0.41210000000000002       0.99721027007005136       -3.5517520463245536E-002
  0.41220000000000001       0.99725704848299679       -3.5218347304168451E-002
  0.41230000000000000       0.99730343067852845       -3.4919160152588120E-002
  0.41240000000000004       0.99734941668090826       -3.4619959128868484E-002
  0.41250000000000003       0.99739500651418911       -3.4320744353340524E-002
  0.41260000000000002       0.99744020020221491       -3.4021515946302545E-002
  0.41270000000000001       0.99748499776862065       -3.3722274028020478E-002
  0.41280000000000000       0.99752939923683248       -3.3423018718728152E-002
  0.41290000000000004       0.99757340463006772       -3.3123750138627603E-002
  0.41300000000000003       0.99761701397133506       -3.2824468407889350E-002
  0.41310000000000002       0.99766022728343440       -3.2525173646652687E-002
  0.41320000000000001       0.99770304458895709       -3.2225865975025976E-002
  0.41330000000000000       0.99774546591028590       -3.1926545513086928E-002
  0.41340000000000005       0.99778749126959521       -3.1627212380882896E-002
  0.41350000000000003       0.99782912068885088       -3.1327866698431170E-002
  0.41360000000000002       0.99787035418981052       -3.1028508585719247E-002
  0.41370000000000001       0.99791119179402343       -3.0729138162705137E-002
  0.41380000000000000       0.99795163352283067       -3.0429755549317639E-002
  0.41390000000000005       0.99799167939736511       -3.0130360865456635E-002
  0.41400000000000003       0.99803132943855155       -2.9830954230993374E-002
  0.41410000000000002       0.99807058366710666       -2.9531535765770757E-002
  0.41420000000000001       0.99810944210353925       -2.9232105589603631E-002
  0.41430000000000000       0.99814790476815007       -2.8932663822279069E-002
  0.41440000000000005       0.99818597168103207       -2.8633210583556657E-002
  0.41450000000000004       0.99822364286207033       -2.8333745993168787E-002
  0.41460000000000002       0.99826091833094222       -2.8034270170820937E-002
  0.41470000000000001       0.99829779810711727       -2.7734783236191957E-002
  0.41480000000000000       0.99833428220985754       -2.7435285308934357E-002
  0.41490000000000005       0.99837037065821732       -2.7135776508674592E-002
  0.41500000000000004       0.99840606347104344       -2.6836256955013349E-002
  0.41510000000000002       0.99844136066697520       -2.6536726767525828E-002
  0.41520000000000001       0.99847626226444453       -2.6237186065762034E-002
  0.41530000000000000       0.99851076828167584       -2.5937634969247059E-002
  0.41540000000000005       0.99854487873668629       -2.5638073597481364E-002
  0.41550000000000004       0.99857859364728574       -2.5338502069941066E-002
  0.41560000000000002       0.99861191303107677       -2.5038920506078220E-002
  0.41570000000000001       0.99864483690545480       -2.4739329025321111E-002
  0.41580000000000000       0.99867736528760809       -2.4439727747074532E-002
  0.41590000000000005       0.99870949819451782       -2.4140116790720069E-002
  0.41600000000000004       0.99874123564295814       -2.3840496275616387E-002
  0.41610000000000003       0.99877257764949623       -2.3540866321099509E-002
  0.41620000000000001       0.99880352423049223       -2.3241227046483105E-002
  0.41630000000000000       0.99883407540209945       -2.2941578571058777E-002
  0.41639999999999999       0.99886423118026424       -2.2641921014096334E-002
  0.41650000000000004       0.99889399158072623       -2.2342254494844085E-002
  0.41660000000000003       0.99892335661901821       -2.2042579132529112E-002
  0.41670000000000001       0.99895232631046627       -2.1742895046357565E-002
  0.41680000000000000       0.99898090067018974       -2.1443202355514935E-002
  0.41689999999999999       0.99900907971310138       -2.1143501179166340E-002
  0.41700000000000004       0.99903686345390741       -2.0843791636456811E-002
  0.41710000000000003       0.99906425190710735       -2.0544073846511572E-002
  0.41720000000000002       0.99909124508699432       -2.0244347928436320E-002
  0.41730000000000000       0.99911784300765483       -1.9944614001317508E-002
  0.41739999999999999       0.99914404568296900       -1.9644872184222631E-002
  0.41750000000000004       0.99916985312661055       -1.9345122596200505E-002
  0.41760000000000003       0.99919526535204695       -1.9045365356281548E-002
  0.41770000000000002       0.99922028237253913       -1.8745600583478066E-002
  0.41780000000000000       0.99924490420114187       -1.8445828396784530E-002
  0.41789999999999999       0.99926913085070368       -1.8146048915177862E-002
  0.41800000000000004       0.99929296233386677       -1.7846262257617710E-002
  0.41810000000000003       0.99931639866306732       -1.7546468543046739E-002
  0.41820000000000002       0.99933943985053519       -1.7246667890390900E-002
  0.41830000000000001       0.99936208590829423       -1.6946860418559723E-002
  0.41839999999999999       0.99938433684816219       -1.6647046246446591E-002
  0.41850000000000004       0.99940619268175079       -1.6347225492929024E-002
  0.41860000000000003       0.99942765342046569       -1.6047398276868959E-002
  0.41870000000000002       0.99944871907550659       -1.5747564717113031E-002
  0.41880000000000001       0.99946938965786714       -1.5447724932492852E-002
  0.41889999999999999       0.99948966517833515       -1.5147879041825294E-002
  0.41900000000000004       0.99950954564749261       -1.4848027163912770E-002
  0.41910000000000003       0.99952903107571556       -1.4548169417543510E-002
  0.41920000000000002       0.99954812147317418       -1.4248305921491844E-002
  0.41930000000000001       0.99956681684983295       -1.3948436794518484E-002
  0.41940000000000000       0.99958511721545051       -1.3648562155370801E-002
  0.41950000000000004       0.99960302257957978       -1.3348682122783107E-002
  0.41960000000000003       0.99962053295156794       -1.3048796815476937E-002
  0.41970000000000002       0.99963764834055646       -1.2748906352161323E-002
  0.41980000000000001       0.99965436875548108       -1.2449010851533080E-002
  0.41990000000000000       0.99967069420507204       -1.2149110432277080E-002
  0.42000000000000004       0.99968662469785385       -1.1849205213066536E-002
  0.42010000000000003       0.99970216024214542       -1.1549295312563282E-002
  0.42020000000000002       0.99971730084606014       -1.1249380849418048E-002
  0.42030000000000001       0.99973204651750580       -1.0949461942270745E-002
  0.42040000000000000       0.99974639726418468       -1.0649538709750739E-002
  0.42050000000000004       0.99976035309359357       -1.0349611270477135E-002
  0.42060000000000003       0.99977391401302373       -1.0049679743059054E-002
  0.42070000000000002       0.99978708002956096       -9.7497442460959104E-003
  0.42080000000000001       0.99979985115008563       -9.4498048981776946E-003
  0.42090000000000000       0.99981222738127273       -9.1498618178852513E-003
  0.42100000000000004       0.99982420872959177       -8.8499151237905575E-003
  0.42110000000000003       0.99983579520130683       -8.5499649344570015E-003
  0.42120000000000002       0.99984698680247674       -8.2500113684396623E-003
  0.42130000000000001       0.99985778353895483       -7.9500545442855886E-003
  0.42140000000000000       0.99986818541638911       -7.6500945805340771E-003
  0.42150000000000004       0.99987819244022236       -7.3501315957169517E-003
  0.42160000000000003       0.99988780461569204       -7.0501657083588418E-003
  0.42170000000000002       0.99989702194783026       -6.7501970369774613E-003
  0.42180000000000001       0.99990584444146380       -6.4502257000838880E-003
  0.42190000000000000       0.99991427210121431       -6.1502518161828399E-003
  0.42200000000000004       0.99992230493149803       -5.8502755037729559E-003
  0.42210000000000003       0.99992994293652604       -5.5502968813470740E-003
  0.42220000000000002       0.99993718612030424       -5.2503160673925088E-003
  0.42230000000000001       0.99994403448663327       -4.9503331803913298E-003
  0.42240000000000000       0.99995048803910846       -4.6503483388206420E-003
  0.42250000000000004       0.99995654678112011       -4.3503616611528621E-003
  0.42260000000000003       0.99996221071585323       -4.0503732658559973E-003
  0.42270000000000002       0.99996747984628764       -3.7503832713939242E-003
  0.42280000000000001       0.99997235417519803       -3.4503917962266668E-003
  0.42290000000000000       0.99997683370515389       -3.1503989588106750E-003
  0.42300000000000004       0.99998091843851955       -2.8504048775991023E-003
  0.42310000000000003       0.99998460837745418       -2.5504096710420843E-003
  0.42320000000000002       0.99998790352391176       -2.2504134575870170E-003
  0.42330000000000001       0.99999080387964123       -1.9504163556788351E-003
  0.42340000000000000       0.99999330944618636       -1.6504184837602899E-003
  0.42350000000000004       0.99999542022488586       -1.3504199602722277E-003
  0.42360000000000003       0.99999713621687314       -1.0504209036538677E-003
  0.42370000000000002       0.99999845742307658       -7.5042143234308042E-004
  0.42380000000000001       0.99999938384421949       -4.5042166477666552E-004
