   0.0000000000000000        1.0000000000000000        0.0000000000000000     
   1.0000000000000000E-002   1.0000000000000000        2.9999999999999999E-002
   2.0000000000000000E-002  0.99605748183644538        5.9881724455093356E-002
   2.9999999999999999E-002  0.98815728349798249        8.9525518150128269E-002
   4.0000000000000001E-002  0.97626332183328524       0.11880748307850730     
   5.0000000000000003E-002  0.96031755350749859       0.14759635875467433     
   5.9999999999999998E-002  0.94023826163534696       0.17574993101267322     
   7.0000000000000007E-002  0.91591754699291950       0.20311069384173541     
   8.0000000000000002E-002  0.88721783700436940       0.22950038587299404     
   8.9999999999999997E-002  0.85396713481092856       0.25471285352534034     
  0.10000000000000001       0.81595259979043788       0.27850441233514178     
  0.11000000000000000       0.77291185657468342       0.30058040438278627     
  0.12000000000000000       0.72452113492009140       0.32057582453998057     
  0.13000000000000000       0.67037889003422557       0.33802639236180471     
  0.14000000000000001       0.60998285888874282       0.35232360192702833     
  0.14999999999999999       0.54269748525486250       0.36264155547702043     
  0.16000000000000000       0.46770736961282772       0.36781104288832361     
  0.17000000000000001       0.38395200247301509       0.36608742468693367     
  0.17999999999999999       0.29004444094356785       0.35468397495690446     
  0.19000000000000000       0.18423204426862727       0.32872256908445163     
  0.20000000000000001        6.4827361328693239E-002  0.27850864363269551     
  0.20999999999999999       -6.5522676876944255E-002  0.18127173303007207     
  0.22000000000000000      -0.15975115849719934       -1.5897254130920579E-002
  0.23000000000000001      -0.10155598694604681      -0.19789816631315402     
  0.23999999999999999       -6.9310609275153243E-003 -0.30890984560887313     
  0.25000000000000000        8.8621412959270798E-002 -0.37858172544620033     
  0.26000000000000001       0.17822184411421454      -0.42282707988626261     
  0.27000000000000002       0.26053943300609578      -0.44979406453575344     
  0.28000000000000003       0.33553356650064631      -0.46411786987221254     
  0.28999999999999998       0.40347576277145403      -0.46868727085237971     
  0.29999999999999999       0.46468358255352737      -0.46543385611812388     
  0.31000000000000000       0.51944305719844563      -0.45572168481176356     
  0.32000000000000001       0.56798764741299312      -0.44055702441296180     
  0.33000000000000002       0.61049497100384997      -0.42070958573291534     
  0.34000000000000002       0.64708868794206220      -0.39678691118166981     
  0.35000000000000003       0.67784116835559038      -0.36928246145601656     
  0.35999999999999999       0.70277536123742257      -0.33860825509493214     
  0.37000000000000000       0.72186524481679459      -0.30511816831986072     
  0.38000000000000000       0.73503453222637904      -0.26912556258898940     
  0.39000000000000001       0.74215332259040168      -0.23091762771378838     
  0.40000000000000002       0.74303225824333252      -0.19076819045180998     
  0.41000000000000003       0.73741349780080379      -0.14895051643094959     
  0.41999999999999998       0.72495740728591263      -0.10575176673365461     
  0.42999999999999999       0.70522321406534683       -6.1491337809609498E-002
  0.44000000000000000       0.67764077721522498       -1.6546587963320290E-002
  0.45000000000000001       0.64146875152243998        2.8607901898819146E-002
  0.46000000000000002       0.59573107911875622        7.3335787842911643E-002
  0.47000000000000003       0.53911760618768001       0.11672483915497768     
  0.47999999999999998       0.46982325779529738       0.15736834268382030     
  0.48999999999999999       0.38528064256906197       0.19290440540246451     
  0.50000000000000000       0.28172361203212254       0.21892022735549749     
  0.51000000000000001       0.15367765452984866       0.22590632929226181     
  0.52000000000000002       -4.1138155028509517E-003  0.18916649352374776     
  0.53000000000000003      -0.15950775642130760        4.2180543084284025E-002
  0.54000000000000004      -0.17469674582354872      -0.14188147895660863     
  0.55000000000000004      -0.12938170705154400      -0.27680462917864707     
  0.56000000000000005       -6.6161089791850133E-002 -0.37341983675204343     
  0.57000000000000006        1.8484187852529236E-003 -0.44300606067967013     
  0.57999999999999996        6.9773996870939520E-002 -0.49247686667822160     
  0.58999999999999997       0.13546111742934291      -0.52614825457452830     
  0.59999999999999998       0.19781366486110383      -0.54686773521044196     
  0.60999999999999999       0.25619552132145246      -0.55661000261752502     
  0.62000000000000000       0.31018093273250058      -0.55680056015170787     
  0.63000000000000000       0.35943698502825577      -0.54850152491384030     
  0.64000000000000001       0.40366144107580493      -0.53252426420155530     
  0.65000000000000002       0.44254506602856103      -0.50950119266968963     
  0.66000000000000003       0.47574443123165833      -0.47993384498559916     
  0.67000000000000004       0.50285781276232311      -0.44422692035077432     
  0.68000000000000005       0.52339928462638619      -0.40271434028428604     
  0.69000000000000006       0.53676652451425233      -0.35568175630834853     
  0.70000000000000007       0.54219674371037874      -0.30338980288486878     
  0.70999999999999996       0.53870218521393187      -0.24610393060010677     
  0.71999999999999997       0.52497045400584019      -0.18414124706096416     
  0.72999999999999998       0.49920224391903756      -0.11795658833438723     
  0.73999999999999999       0.45883198484905874       -4.8321608817532731E-002
  0.75000000000000000       0.40001722422871300        2.3255842057425549E-002
  0.76000000000000001       0.31665513463077011        9.3406182370493959E-002
  0.77000000000000002       0.19855260804627792       0.15330887078118591     
  0.78000000000000003        3.0792861745304233E-002  0.17486961870680179     
  0.79000000000000004      -0.15868258059358592        7.3109074915114300E-002
  0.80000000000000004      -0.23069440144969408       -8.2769927693296372E-002
  0.81000000000000005      -0.24084734729937046      -0.21645483031793472     
  0.82000000000000006      -0.22299849214179768      -0.32497389593592013     
  0.83000000000000007      -0.19076986582275535      -0.41253743754059380     
  0.83999999999999997      -0.15052009719991727      -0.48275535971064060     
  0.84999999999999998      -0.10567480380158761      -0.53823429182339944     
  0.85999999999999999       -5.8301508899879124E-002 -0.58083733441518659     
  0.87000000000000000       -9.7711817989661175E-003 -0.61191327400227113     
  0.88000000000000000        3.8927440266114360E-002 -0.63244986178518514     
  0.89000000000000001        8.7022010788134999E-002 -0.64317249025539602     
  0.90000000000000002       0.13386000534180731      -0.64460786958670435     
  0.91000000000000003       0.17884608770786412      -0.63712529641328752     
  0.92000000000000004       0.22139573359142481      -0.62096310750995820     
  0.93000000000000005       0.26089483377324446      -0.59624485337526323     
  0.94000000000000006       0.29665772450978356      -0.56298792631760519     
  0.95000000000000007       0.32787601949010925      -0.52110640488954840     
  0.95999999999999996       0.35354784296363706      -0.47040965558595327     
  0.96999999999999997       0.37237008033046515      -0.41059925587977220     
  0.97999999999999998       0.38256066258729426      -0.34127103679876086     
  0.98999999999999999       0.38154201051531034      -0.26194339175679782     
   1.0000000000000000       0.36532812307257850      -0.17218362814896365     
   1.0100000000000000       0.32722076490406793       -7.2105203085140790E-002
   1.0200000000000000       0.25477422168288072        3.5540082574241724E-002
   1.0300000000000000       0.12324040241696418       0.13494290690513655     
   1.0400000000000000       -8.8007737506273734E-002  0.14706200008532533     
   1.0500000000000000      -0.23023711852488044        4.3849907445649469E-002
   1.0600000000000001      -0.30186765200145327       -7.2808118457620294E-002
   1.0700000000000001      -0.33369744456176675      -0.17986651670910669     
   1.0800000000000001      -0.34134477589862150      -0.27389030790380620     
   1.0900000000000001      -0.33291564633738535      -0.35501457012874243     
   1.1000000000000001      -0.31308575478956785      -0.42398128836217608     
   1.1100000000000001      -0.28481348191524919      -0.48151531872368614     
   1.1200000000000001      -0.25011944556595134      -0.52819249825907244     
   1.1300000000000001      -0.21047852914497789      -0.56442304923371622     
   1.1400000000000001      -0.16703630787049448      -0.59045995202390711     
   1.1500000000000001      -0.12074013319853487      -0.60640835844084973     
   1.1599999999999999       -7.2427500750252075E-002 -0.61222925532461359     
   1.1699999999999999       -2.2894566767543381E-002 -0.60773495022081681     
   1.1799999999999999        2.7040181777727986E-002 -0.59257450080180141     
   1.1899999999999999        7.6463501253008881E-002 -0.56620629293144498     
   1.2000000000000000       0.12426830702610249      -0.52785311669896884     
   1.2100000000000000       0.16899672799134496      -0.47643241466002550     
   1.2200000000000000       0.20856062892116112      -0.41045199433373009     
   1.2300000000000000       0.23968758020617784      -0.32786746792224331     
   1.2400000000000000       0.25668955296665580      -0.22596145251531954     
   1.2500000000000000       0.24835318633597578      -0.10175032999756634     
   1.2600000000000000       0.18930171451005981        4.3238777154117239E-002
   1.2700000000000000        2.8174978024974665E-002  0.16491267222244269     
   1.2800000000000000      -0.15670476215912837       0.14755642111488207     
   1.2900000000000000      -0.27954638549848865        7.1783805576600315E-002
   1.3000000000000000      -0.35648372856554689       -1.5776420537739179E-002
   1.3100000000000001      -0.40244647412360246      -0.10196584558282487     
   1.3200000000000001      -0.42620618249369230      -0.18252979840503178     
   1.3300000000000001      -0.43308418921436598      -0.25586388520142750     
   1.3400000000000001      -0.42652902420468852      -0.32126172404626302     
   1.3500000000000001      -0.40891449883646441      -0.37832965103513405     
   1.3600000000000001      -0.38196256424171637      -0.42675856232684872     
   1.3700000000000001      -0.34698399520471557      -0.46621948749746472     
   1.3800000000000001      -0.30502696377490229      -0.49630391344834623     
   1.3900000000000001      -0.25697864808614496      -0.51647731980205136     
   1.4000000000000001      -0.20364578805481948      -0.52602981535732407     
   1.4099999999999999      -0.14583344439199136      -0.52401152435185938     
   1.4199999999999999       -8.4443453932024556E-002 -0.50913796438132763     
   1.4299999999999999       -2.0628297970227256E-002 -0.47964226652567643     
   1.4399999999999999        4.3922839597656707E-002 -0.43303377118309194     
   1.4500000000000000       0.10637108522752300      -0.36569293625017535     
   1.4600000000000000       0.16121739673394814      -0.27221742754914435     
   1.4700000000000000       0.19596520904786432      -0.14480537193306658     
   1.4800000000000000       0.17723471843480162        2.2123624385475014E-002
   1.4900000000000000        3.5706640274716400E-002  0.17372420352749035     
   1.5000000000000000      -0.13108955522035654       0.20238732552184419     
   1.5100000000000000      -0.26097455343289261       0.17406376778214597     
   1.5200000000000000      -0.35748418013606537       0.12347963773901618     
   1.5300000000000000      -0.42790702687307630        6.3884798078546023E-002
   1.5400000000000000      -0.47747055179985864        1.1757455675887553E-003
   1.5500000000000000      -0.50971747758296793       -6.1575948137913679E-002
   1.5600000000000001      -0.52709606305569323      -0.12253148575280996     
   1.5700000000000001      -0.53134374792610817      -0.18043454608159995     
   1.5800000000000001      -0.52371976061814063      -0.23430620528993504     
   1.5900000000000001      -0.50514852415418510      -0.28328019096944329     
   1.6000000000000001      -0.47631155023013416      -0.32649729539703209     
   1.6100000000000001      -0.43770986316463184      -0.36302098155779250     
   1.6200000000000001      -0.38971120038266960      -0.39175115051608367     
   1.6300000000000001      -0.33259413003022997      -0.41131518143907719     
   1.6400000000000001      -0.26660539739736300      -0.41990773376078416     
   1.6500000000000001      -0.19206350373204173      -0.41502892165892730     
   1.6600000000000001      -0.10959373054167511      -0.39301880024329294     
   1.6699999999999999       -2.0754189253363919E-002 -0.34816577893449185     
   1.6799999999999999        7.0016415546385005E-002 -0.27091784094530447     
   1.6899999999999999       0.14817086118974535      -0.14485359933647829     
   1.7000000000000000       0.16057883883338728        4.5485172749862024E-002
   1.7100000000000000        3.6620901345820661E-002  0.19719726617792818     
   1.7200000000000000      -0.10525540602082616       0.25242201427409677     
   1.7300000000000000      -0.22681795417244593       0.25893059459906742     
   1.7400000000000000      -0.32642685338124033       0.24037735212819736     
   1.7500000000000000      -0.40669169881250511       0.20757934891444399     
   1.7600000000000000      -0.47009079798920322       0.16617290683483316     
   1.7700000000000000      -0.51851744403467437       0.11947383603348029     
   1.7800000000000000      -0.55335675469514023        6.9644048804752084E-002
   1.7900000000000000      -0.57560358493198305        1.8229404585023833E-002
   1.8000000000000000      -0.58595280616754664       -3.3562037718935199E-002
   1.8100000000000001      -0.58486005886549763       -8.4698110212226535E-002
   1.8200000000000001      -0.57257976260542442      -0.13421402718234968     
   1.8300000000000001      -0.54918615808034899      -0.18112495886487245     
   1.8400000000000001      -0.51458122321256938      -0.22433832512760968     
   1.8500000000000001      -0.46849219856667651      -0.26254505424499430     
   1.8600000000000001      -0.41046231180859771      -0.29406007259202410     
   1.8700000000000001      -0.33984465285478599      -0.31655706151428381     
   1.8800000000000001      -0.25583464914249154      -0.32657940571896721     
   1.8900000000000001      -0.15767885997972483      -0.31854429671577722     
   1.9000000000000001       -4.5660061332458625E-002 -0.28250300725712307     
   1.9100000000000001        7.4050532718459641E-002 -0.19887187080031074     
   1.9199999999999999       0.16317078445494781       -3.3086583911896186E-002
   1.9299999999999999       0.11271020927777897       0.16100188701523757     
   1.9399999999999999        3.6335367690325387E-003  0.27135967959189289     
   1.9500000000000000      -0.10616082517429248       0.32811901221252376     
   1.9600000000000000      -0.20573697755380052       0.35329617859475487     
   1.9700000000000000      -0.29342732702577651       0.35806277612013870     
   1.9800000000000000      -0.36944148917716713       0.34858118453210601     
   1.9900000000000000      -0.43432587831615682       0.32859825626725064     
   2.0000000000000000      -0.48859614582939714       0.30058499402471112     
   2.0100000000000002      -0.53264849505016332       0.26628565495756895     
   2.0200000000000000      -0.56674332703866492       0.22700827873724727     
   2.0300000000000002      -0.59100590015705168       0.18379260442726580     
   2.0400000000000000      -0.60542749530031403       0.13751655631783691     
   2.0499999999999998      -0.60986141777878944        8.8971912280484372E-002
   2.0600000000000001      -0.60401096463372128        3.8926893667592832E-002
   2.0699999999999998      -0.58740651329100280       -1.1811191410731623E-002
   2.0800000000000001      -0.55936751682133823       -6.2319358028614859E-002
   2.0899999999999999      -0.51894257536223443      -0.11144760157784030     
   2.1000000000000001      -0.46481676920665738      -0.15763346078155580     
   2.1099999999999999      -0.39517143956292161      -0.19855617898178604     
   2.1200000000000001      -0.30749004071337183      -0.23041656972910515     
   2.1299999999999999      -0.19841049021956031      -0.24624233155323913     
   2.1400000000000001       -6.4561779476209960E-002 -0.23132770377542777     
   2.1499999999999999        8.7685714709383827E-002 -0.15048942332748111     
   2.1600000000000001       0.17441616303976692        4.2791602002553483E-002
   2.1699999999999999       0.14226653319122684       0.20690635682871814     
   2.1800000000000002        7.4640892660911035E-002  0.31942632010178718     
   2.1899999999999999       -1.3329180373573245E-003  0.39622021980207822     
   2.2000000000000002       -7.7222133499762841E-002  0.44786752983340522     
   2.2100000000000000      -0.14986370654071193       0.48067939045197638     
   2.2200000000000002      -0.21787018158841134       0.49862443555190716     
   2.2300000000000000      -0.28053822500210418       0.50435178091508537     
   2.2400000000000002      -0.33744465940349444       0.49972090230978500     
   2.2500000000000000      -0.38827471809986686       0.48609153501762137     
   2.2600000000000002      -0.43273885487184460       0.46449249930312320     
   2.2700000000000000      -0.47052567647959753       0.43572617834407734     
   2.2800000000000002      -0.50126911221593395       0.40043739163711167     
   2.2900000000000000      -0.52451904868445509       0.35916244454660745     
   2.3000000000000003      -0.53970854273213742       0.31236813984410305     
   2.3100000000000001      -0.54611124128607291       0.26048828480052416     
   2.3199999999999998      -0.54278072867386229       0.20396580882077855     
   2.3300000000000001      -0.52845857695266174       0.14331290144821479     
   2.3399999999999999      -0.50142752663447898        7.9213462575211752E-002
   2.3500000000000001      -0.45926486013659057        1.2723593085049285E-002
   2.3599999999999999      -0.39840684815231786       -5.4284217116889869E-002
   2.3700000000000001      -0.31335397905407542      -0.11799540005758091     
   2.3799999999999999      -0.19534717156242457      -0.16929757145183785     
   2.3900000000000001       -3.2694024898381718E-002 -0.18190700552286387     
   2.3999999999999999       0.15040328306055772       -8.0766720091928160E-002
   2.4100000000000001       0.21416111212599281        8.4458990148699800E-002
   2.4199999999999999       0.20862306268301001       0.22235639665487203     
   2.4300000000000002       0.17402898893440827       0.32928506565607057     
   2.4399999999999999       0.12613657620095942       0.41105157947522353     
   2.4500000000000002        7.1979646450111165E-002  0.47240339922063757     
   2.4600000000000000        1.5218487427560443E-002  0.51666362681500078     
   2.4700000000000002       -4.1977725034086470E-002  0.54615390511107120     
   2.4800000000000000       -9.8165622094195368E-002  0.56252543069516259     
   2.4900000000000002      -0.15227214480303769       0.56696990912764922     
   2.5000000000000000      -0.20340749070520719       0.56035151163978669     
   2.5100000000000002      -0.25075223253537254       0.54329067314637713     
   2.5200000000000000      -0.29347630805127900       0.51621849841529577     
   2.5300000000000002      -0.33066699631043078       0.47941321480125432     
   2.5400000000000000      -0.36124908155255842       0.43302653463694318     
   2.5500000000000003      -0.38387874464510835       0.37710734634665444     
   2.5600000000000001      -0.39678279300599784       0.31163409752499382     
   2.5699999999999998      -0.39749001660488592       0.23658143511893578     
   2.5800000000000001      -0.38234248991095704       0.15209220972755999     
   2.5899999999999999      -0.34552998288868347        5.8984861007517667E-002
   2.6000000000000001      -0.27704545913076933       -3.9529166141300504E-002
   2.6099999999999999      -0.15865768203820832      -0.13092293945796488     
   2.6200000000000001        3.1693042440785829E-002 -0.16293351441413786     
   2.6299999999999999       0.19468483125008634       -5.4292160871427075E-002
   2.6400000000000001       0.26458585595882306        8.0309606267654404E-002
   2.6499999999999999       0.28507687571660684       0.19991398048520559     
   2.6600000000000001       0.27890650511742632       0.30082169732522501     
   2.6699999999999999       0.25678616626496609       0.38452617066178096     
   2.6800000000000002       0.22441116663612640       0.45287473329204148     
   2.6899999999999999       0.18517448947021381       0.50737603318971014     
   2.7000000000000002       0.14129809503216767       0.54916455957634080     
   2.7100000000000000        9.4362347360249385E-002  0.57906270364121859     
   2.7200000000000002        4.5581973550070785E-002  0.59764113991258039     
   2.7300000000000000       -4.0341050547101388E-003  0.60526235939016060     
   2.7400000000000002       -5.3578363394557994E-002  0.60210792914720068     
   2.7500000000000000      -0.10216501285165433       0.58819199249016008     
   2.7600000000000002      -0.14885608430316433       0.56336269349012924     
   2.7700000000000000      -0.19257686994137768       0.52729201175423168     
   2.7800000000000002      -0.23199987446781908       0.47945363616602765     
   2.7900000000000000      -0.26536167221028867       0.41908910021331619     
   2.8000000000000003      -0.29014013060803245       0.34516878609247481     
   2.8100000000000001      -0.30242496418375336       0.25638527705724795     
   2.8199999999999998      -0.29555302662007332       0.15136132937518582     
   2.8300000000000001      -0.25681290818115121        3.0016756331211373E-002
   2.8399999999999999      -0.15942026606333698       -9.8183229565445868E-002
   2.8500000000000001        3.3864430708719917E-002 -0.16732553196859262     
   2.8599999999999999       0.20027925394303103      -0.10370269438447777     
   2.8700000000000001       0.29777269827037312       -4.3930217805997276E-003
   2.8799999999999999       0.35075710397579030        9.5573289854443397E-002
   2.8900000000000001       0.37492160705664601       0.18768683706677602     
   2.8999999999999999       0.37900445661483917       0.26974745064765232     
   2.9100000000000001       0.36822473696536662       0.34122998240423918     
   2.9199999999999999       0.34595551630433197       0.40206531468064127     
   2.9300000000000002       0.31453402717572154       0.45226399129458394     
   2.9399999999999999       0.27568500932285300       0.49178273029906905     
   2.9500000000000002       0.23076255510498953       0.52046732520115568     
   2.9600000000000000       0.18090346642490254       0.53801771796685005     
   2.9700000000000002       0.12713920453506566       0.54395389227616608     
   2.9800000000000000        7.0495539339316973E-002  0.53757079306626165     
   2.9900000000000002        1.2105622642174635E-002  0.51787147820221613     
   3.0000000000000000       -4.6628109215804132E-002  0.48346395122602509     
   3.0100000000000002      -0.10375533018688565       0.43239930230924040     
   3.0200000000000000      -0.15622404091858230       0.36192035849616250     
   3.0300000000000002      -0.19862428409800981       0.26811604577956660     
   3.0400000000000000      -0.21991745438837862       0.14582002598548646     
   3.0500000000000003      -0.19395523468200032       -7.8094876253723203E-003
   3.0600000000000001       -6.3303918741466056E-002 -0.15722375949298814     
   3.0700000000000003       0.11867627847964010      -0.17915588103023913     
   3.0800000000000001       0.25344688607500893      -0.12981954242677191     
   3.0899999999999999       0.34488553730853477       -5.8287883792083425E-002
   3.1000000000000001       0.40450688958451203        1.8621103908614788E-002
   3.1099999999999999       0.44007747893711002        9.4422936782017686E-002
   3.1200000000000001       0.45659427020678134       0.16613659050981466     
   3.1299999999999999       0.45739650085055955       0.23213233734718286     
   3.1400000000000001       0.44481803322718394       0.29133727411426014     
   3.1499999999999999       0.42055910113018985       0.34289199343074578     
   3.1600000000000001       0.38590860855762621       0.38597422249140612     
   3.1699999999999999       0.34188821397773478       0.41968495643145692     
   3.1800000000000002       0.28935856964775836       0.44295015886552441     
   3.1899999999999999       0.22911608368257547       0.45440854171315909     
   3.2000000000000002       0.16201061828095095       0.45225549917591579     
   3.2100000000000000        8.9136173711445929E-002  0.43399824951330512     
   3.2200000000000002        1.2215652135883590E-002  0.39604091328752822     
   3.2300000000000000       -6.5480110488978310E-002  0.33294966118339342     
   3.2400000000000002      -0.13655961955637844       0.23621644721007223     
   3.2500000000000000      -0.18109835908714483        9.3573861882822851E-002
   3.2600000000000002      -0.14123064741017310       -9.2681695130887087E-002
   3.2700000000000000        1.4301332915470991E-002 -0.20303332703336019     
   3.2800000000000002       0.16313739591055329      -0.21832428303941975     
   3.2900000000000000       0.28015995263414190      -0.19103970994053887     
   3.3000000000000003       0.36881640826927586      -0.14441243038725243     
   3.3100000000000001       0.43404047576724586       -8.8610048954565229E-002
   3.3200000000000003       0.47955397616629009       -2.8783724103995854E-002
   3.3300000000000001       0.50799320982594232        3.2067430082853010E-002
   3.3399999999999999       0.52122510614169903        9.1958610361411217E-002
   3.3500000000000001       0.52057855177138856       0.14940124580968037     
   3.3599999999999999       0.50699518258225229       0.20313113465291749     
   3.3700000000000001       0.48112696583174003       0.25193901415580827     
   3.3799999999999999       0.44340153540964500       0.29453794064795041     
   3.3900000000000001       0.39407084658416941       0.32942785253855073     
   3.3999999999999999       0.33325899307026635       0.35471995870275802     
   3.4100000000000001       0.26103603834824846       0.36786612002087365     
   3.4199999999999999       0.17758450741712717       0.36518836373152508     
   3.4300000000000002        8.3663171904396288E-002  0.34098029007746433     
   3.4399999999999999       -1.7889900263910068E-002  0.28566806725742866     
   3.4500000000000002      -0.11643112687517025       0.18226233433018768     
   3.4600000000000000      -0.16953662688255461        7.7311058841306873E-003
   3.4700000000000002       -8.5718182155791273E-002 -0.17304404480031008     
   3.4800000000000000        4.5090953156338827E-002 -0.25895648418654654     
   3.4900000000000002       0.16609817732776547      -0.28857673479369772     
   3.5000000000000000       0.26934175548625594      -0.28733466621760695     
   3.5100000000000002       0.35517850231507181      -0.26752293301232177     
   3.5200000000000000       0.42506639243764976      -0.23569840934692843     
   3.5300000000000002       0.48033925456720278      -0.19576988378488527     
   3.5400000000000000       0.52202415436090066      -0.15030336859973586     
   3.5500000000000003       0.55085335164988869      -0.10113538600923322     
   3.5600000000000001       0.56730339781261152       -4.9694620247181145E-002
   3.5700000000000003       0.57162655856330402        2.8084359359323383E-003
   3.5800000000000001       0.56386826501883547        5.5252135201679820E-002
   3.5899999999999999       0.54387002842765431       0.10649647101671911     
   3.6000000000000001       0.51125762554214249       0.15527079722477938     
   3.6099999999999999       0.46541383262659147       0.20002670223828509     
   3.6200000000000001       0.40543615801134247       0.23870811279540255     
   3.6299999999999999       0.33008991643692931       0.26834099242428144     
   3.6400000000000001       0.23781606481618914       0.28421285890791165     
   3.6499999999999999       0.12709475540155926       0.27803825547271277     
   3.6600000000000001       -1.1879976362413024E-003  0.23344544089149463     
   3.6699999999999999      -0.12910211084799911       0.11641368864286433     
   3.6800000000000002      -0.15999603274549273       -8.8102910054385697E-002
   3.6899999999999999       -8.7229472141708883E-002 -0.23553815486249341     
   3.7000000000000002        7.2696575643381306E-003 -0.32429083400686698     
   3.7100000000000000       0.10092789107868697      -0.37553212765535060     
   3.7200000000000002       0.18780976193236243      -0.40155995592246629     
   3.7300000000000000       0.26618107281424158      -0.40939117900789385     
   3.7400000000000002       0.33552771322101499      -0.40334229992490161     
   3.7500000000000000       0.39570234727870601      -0.38626763075068132     
   3.7600000000000002       0.44663833604532988      -0.36017459296564008     
   3.7700000000000000       0.48823956480619024      -0.32655389104124793     
   3.7800000000000002       0.52032959729980788      -0.28657172566036998     
   3.7900000000000000       0.54261969705134305      -0.24119224355596156     
   3.8000000000000003       0.55467890101525219      -0.19126516997631909     
   3.8100000000000001       0.55589662740861490      -0.13759972263389311     
   3.8200000000000003       0.54542924125935921       -8.1041888172111137E-002
   3.8300000000000001       0.52211912348256551       -2.2575833281992325E-002
   3.8399999999999999       0.48436779054048279        3.6514643222462992E-002
   3.8500000000000001       0.42993179182182362        9.4347326310395066E-002
   3.8599999999999999       0.35559267766455571       0.14781232651792714     
   3.8700000000000001       0.25667115783247291       0.19105894259543060     
   3.8799999999999999       0.12681883503943545       0.21128152061095298     
   3.8900000000000001       -3.6492626851217624E-002  0.17576081897342261     
   3.8999999999999999      -0.17489807432768439        2.0284338086331580E-002
   3.9100000000000001      -0.18680495460762295      -0.14986320029704403     
   3.9199999999999999      -0.14502220529158222      -0.27693854216980307     
   3.9300000000000002       -8.4499161272801396E-002 -0.36822688242874391     
   3.9399999999999999       -1.7789774058298596E-002 -0.43255663713154369     
   3.9500000000000002        4.9785179355926620E-002 -0.47584023333116643     
   3.9600000000000000       0.11556546512868780      -0.50197063092200522     
   3.9700000000000002       0.17800758020615062      -0.51360133651421502     
   3.9800000000000000       0.23607425801841087      -0.51260768967918757     
   3.9900000000000002       0.28895593390753355      -0.50035541651568327     
   4.0000000000000000       0.33592387034411791      -0.47786292600510449     
   4.0099999999999998       0.37623767763772270      -0.44590471452916908     
   4.0200000000000005       0.40907211762130680      -0.40508219906812110     
   4.0300000000000002       0.43344269169762933      -0.35587837071225209     
   4.0400000000000000       0.44811230125157320      -0.29870955986921760     
   4.0499999999999998       0.45145588240103574      -0.23399087157287587     
   4.0600000000000005       0.44124374294011065      -0.16224621461808320     
   4.0700000000000003       0.41426707651522793       -8.4337207271280329E-002
   4.0800000000000001       0.36564608423902539       -2.0218106672737456E-003
   4.0899999999999999       0.28749818430729002        8.0456852602076190E-002
   4.0999999999999996       0.16669529231979113       0.15099844427967948     
   4.1100000000000003       -1.1945661342973840E-002  0.16914829044618029     
   4.1200000000000001      -0.18091439670768339        5.0341366872961618E-002
   4.1299999999999999      -0.24203056706697473       -9.8476687057673845E-002
   4.1399999999999997      -0.24958883921581215      -0.22550326049288022     
   4.1500000000000004      -0.23125757278175971      -0.32913866234589179     
   4.1600000000000001      -0.19890016191717672      -0.41281127396374079     
   4.1699999999999999      -0.15838171529508957      -0.47954590254806267     
   4.1799999999999997      -0.11300893932716119      -0.53158266185448344     
   4.1900000000000004       -6.4856677023427428E-002 -0.57054499754651966     
   4.2000000000000002       -1.5352090825131483E-002 -0.59761092305358177     
   4.2100000000000000        3.4436183998564185E-002 -0.61363369989665861     
   4.2199999999999998        8.3638861882212701E-002 -0.61922146405121348     
   4.2300000000000004       0.13148805944942099      -0.61478871807148516     
   4.2400000000000002       0.17724829191606159      -0.60058875686588997     
   4.2500000000000000       0.22015877300852943      -0.57673268774134345     
   4.2599999999999998       0.25937477183869673      -0.54319847290480783     
   4.2700000000000005       0.29389601156669076      -0.49983220710634446     
   4.2800000000000002       0.32246552286756275      -0.44634377074841119     
   4.2900000000000000       0.34341012503399726      -0.38230124270211913     
   4.2999999999999998       0.35436490318016090      -0.30713754536314253     
   4.3100000000000005       0.35175376840752198      -0.22021590823639628     
   4.3200000000000003       0.32971359412910911      -0.12113069543483904     
   4.3300000000000001       0.27763964586064099       -1.1011627812835411E-002
   4.3399999999999999       0.17447135288018698       0.10113392239440934     
   4.3500000000000005       -1.2681502822028859E-002  0.16459704933607736     
   4.3600000000000003      -0.18870657250031631        8.3629285799985464E-002
   4.3700000000000001      -0.28001460242672510       -3.4882615365582563E-002
   4.3799999999999999      -0.32212247884566925      -0.14726544320477786     
   4.3899999999999997      -0.33561001718344324      -0.24656384804034467     
   4.4000000000000004      -0.33075260588542482      -0.33238470112621227     
   4.4100000000000001      -0.31323053051064814      -0.40547839648418155     
   4.4199999999999999      -0.28651528909338025      -0.46667149511728767     
   4.4299999999999997      -0.25291192536043461      -0.51664533089786091     
   4.4400000000000004      -0.21406278489516620      -0.55590315931015843     
   4.4500000000000002      -0.17121574841930112      -0.58477878595874178     
   4.4600000000000000      -0.12538092757668717      -0.60344978522448012     
   4.4699999999999998       -7.7431959372792361E-002 -0.61194553857558343     
   4.4800000000000004       -2.8180441973322604E-002 -0.61014723278800786     
   4.4900000000000002        2.1559295284607417E-002 -0.59777826256892053     
   4.5000000000000000        7.0901358595619968E-002 -0.57438291890306403     
   4.5099999999999998       0.11879945100903906      -0.53928974270763397     
   4.5200000000000005       0.16391246014123240      -0.49155368951745004     
   4.5300000000000002       0.20437417417841400      -0.42986896358440424     
   4.5400000000000000       0.23735381370759170      -0.35244686952670901     
   4.5499999999999998       0.25811997386852414      -0.25688897009842826     
   4.5600000000000005       0.25778633558221875      -0.14033189958253450     
   4.5700000000000003       0.21720318462969981       -1.8640844301409769E-003
   4.5800000000000001        9.2948182070963156E-002  0.13732182054255662     
   4.5899999999999999      -0.11178553496851437       0.15760832004885711     
   4.6000000000000005      -0.25534806780025843        9.1648530345238122E-002
   4.6100000000000003      -0.34842621182424116        7.5690811530336952E-003
   4.6200000000000001      -0.40900829306771502       -7.7216300394408757E-002
   4.6299999999999999      -0.44719896359707412      -0.15777442805663619     
   4.6399999999999997      -0.46883440507138074      -0.23249177340913335     
   4.6500000000000004      -0.47755495486914079      -0.30080471235120498     
   4.6600000000000001      -0.47578895521604886      -0.36251233088154600     
   4.6699999999999999      -0.46524625638320322      -0.41753282134340564     
   4.6799999999999997      -0.44718505701198835      -0.46580587278993318     
   4.6900000000000004      -0.42256660829215503      -0.50724863058500591     
   4.7000000000000002      -0.39215081861624496      -0.54173226476903558     
   4.7100000000000000      -0.35655921760309250      -0.56906583355823703     
   4.7199999999999998      -0.31631958200543991      -0.58898117405701056     
   4.7300000000000004      -0.27190080233334168      -0.60111502607532052     
   4.7400000000000002      -0.22374407566273802      -0.60498506979224820     
   4.7500000000000000      -0.17229607326592497      -0.59995578212340228     
   4.7599999999999998      -0.11805133325813114      -0.58518791557121652     
   4.7700000000000005       -6.1616014882823270E-002 -0.55956121368527023     
   4.7800000000000002       -3.8171840201201199E-003 -0.52155187550301552     
   4.7900000000000000        5.4087859287257095E-002 -0.46903045212142730     
   4.7999999999999998       0.10996405039523269      -0.39891555255289951     
   4.8100000000000005       0.15971311284749592      -0.30657332592183423     
   4.8200000000000003       0.19419800932246956      -0.18493114985237225     
   4.8300000000000001       0.18892725539824318       -2.5430407842387440E-002
   4.8399999999999999        7.5991849485231119E-002  0.14856245180574409     
   4.8500000000000005      -0.10150790001668930       0.19633339097461608     
   4.8600000000000003      -0.24189226159256927       0.17231691293103696     
   4.8700000000000001      -0.34582288933391120       0.12233187004863022     
   4.8799999999999999      -0.42209387926297959        6.2562468401075003E-002
   4.8899999999999997      -0.47691695492112235       -3.8592854768366774E-004
   4.9000000000000004      -0.51438306567093461       -6.3320279973023336E-002
   4.9100000000000001      -0.53726140830195990      -0.12445888495352563     
   4.9199999999999999      -0.54749426787416844      -0.18266811012583875     
   4.9299999999999997      -0.54648514450764585      -0.23712651652618819     
   4.9400000000000004      -0.53527073954490567      -0.28715672776075657     
   4.9500000000000002      -0.51462789042138823      -0.33212886095544231     
   4.9600000000000000      -0.48514319178421256      -0.37139467029483492     
   4.9699999999999998      -0.44726106441288699      -0.40423194404131507     
   4.9800000000000004      -0.40132030873173807      -0.42978587647512717     
   4.9900000000000002      -0.34758730837308310      -0.44699486190385462     
   5.0000000000000000      -0.28629581871221421      -0.45448368264170547     
   5.0099999999999998      -0.21771127813634125      -0.45039506346983715     
   5.0200000000000005      -0.14226128221564338      -0.43210338039493446     
   5.0300000000000002       -6.0845835594343305E-002 -0.39569228089721187     
   5.0400000000000000        2.4313246523637755E-002 -0.33493559301106751     
   5.0499999999999998       0.10693781242717927      -0.23926379453061553     
   5.0600000000000005       0.16610829390023157       -9.1115579049379516E-002
   5.0700000000000003       0.12884747757393858       0.10992821034430553     
   5.0800000000000001       -1.3110113429903592E-002  0.22164833360320324     
   5.0899999999999999      -0.15033948447368992       0.25343001234297619     
   5.1000000000000005      -0.26437154654761585       0.24610756405227244     
   5.1100000000000003      -0.35625470890682254       0.21816636224436350     
   5.1200000000000001      -0.42884597054994428       0.17841101820961178     
   5.1299999999999999      -0.48454188978274448       0.13162677464116501     
   5.1399999999999997      -0.52512604621768111        8.0737390447793142E-002
   5.1500000000000004      -0.55188687452860485        2.7722689012827543E-002
   5.1600000000000001      -0.56573497828555930       -2.5940651597374392E-002
   5.1699999999999999      -0.56728703667141966       -7.9040181516634653E-002
   5.1799999999999997      -0.55692039643396141      -0.13047907750327992     
   5.1900000000000004      -0.53480579377436643      -0.17916558139008695     
   5.2000000000000002      -0.50092395651915111      -0.22390993758100095     
   5.2100000000000000      -0.45507055406331198      -0.26330307752055948     
   5.2199999999999998      -0.39685512564485387      -0.29554356947777066     
   5.2300000000000004      -0.32570762280925358      -0.31815336452062559     
   5.2400000000000002      -0.24093731153142106      -0.32745630999473585     
   5.2500000000000000      -0.14201103278327548      -0.31751997350470867     
   5.2599999999999998       -2.9762467073849143E-002 -0.27779656962940602     
   5.2700000000000005        8.7873918448023058E-002 -0.18778439574169054     
   5.2800000000000002       0.16658363062213696       -1.4586881289394671E-002
   5.2900000000000000       0.10465001323783657       0.17092605422049204     
   5.2999999999999998       -8.6039287807739770E-003  0.27261692110701985     
   5.3100000000000005      -0.12018389350942095       0.32126753784495315     
   5.3200000000000003      -0.22000732286178129       0.33849137131237594     
   5.3300000000000001      -0.30663005470056065       0.33540532533792622     
   5.3399999999999999      -0.38035440225869360       0.31821046416527765     
   5.3500000000000005      -0.44176648682085473       0.29071497047830247     
   5.3600000000000003      -0.49138685285102890       0.25545965524038833     
   5.3700000000000001      -0.52958715079211838       0.21426733407744231     
   5.3799999999999999      -0.55657434707321307       0.16853826878119776     
   5.3899999999999997      -0.57238877614803541       0.11942593788469230     
   5.4000000000000004      -0.57689956162551848        6.7955160606321716E-002
   5.4100000000000001      -0.56979098030591069        1.5115694583214977E-002
   5.4199999999999999      -0.55053536354825228       -3.8046013953584215E-002
   5.4299999999999997      -0.51834715610846016       -9.0313986032879115E-002
   5.4400000000000004      -0.47211024417294967      -0.14013418833731509     
   5.4500000000000002      -0.41026823129758749      -0.18532240440311548     
   5.4600000000000000      -0.33067364260516607      -0.22249159831757689     
   5.4699999999999998      -0.23045906364116162      -0.24578676660159116     
   5.4800000000000004      -0.10645798565916234      -0.24371340916987103     
   5.4900000000000002        3.9885853147071805E-002 -0.19049094932910421     
   5.5000000000000000       0.16486958052120707       -3.5254677987988786E-002
   5.5099999999999998       0.15403681294900837       0.14902374157509296     
   5.5200000000000005        8.1436151907079618E-002  0.27354448102362916     
   5.5300000000000002       -4.9929408007906191E-003  0.35161544264196021     
   5.5400000000000000       -9.0968738446683933E-002  0.39776422648498289     
   5.5499999999999998      -0.17165809908906107       0.42079786592268209     
   5.5600000000000005      -0.24512764348147037       0.42613304961339005     
   5.5700000000000003      -0.31045203549930744       0.41730859560821898     
   5.5800000000000001      -0.36706601964838320       0.39677564025905954     
   5.5899999999999999      -0.41450398870039490       0.36632398072515432     
   5.6000000000000005      -0.45227495590216038       0.32732896649263060     
   5.6100000000000003      -0.47978553999214935       0.28090811415881967     
   5.6200000000000001      -0.49627436438386091       0.22803416669503576     
   5.6299999999999999      -0.50073699256098803       0.16963427666980502     
   5.6399999999999997      -0.49182240774362523       0.10670259873217670     
   5.6500000000000004      -0.46767500438230436        4.0466107310931573E-002
   5.6600000000000001      -0.42567866263150028       -2.7314783638804505E-002
   5.6699999999999999      -0.36202926578835626       -9.3706249731513203E-002
   5.6799999999999997      -0.27105059413826105      -0.15302391242751404     
   5.6900000000000004      -0.14458837621847670      -0.19230903804587676     
   5.7000000000000002        2.2856860488354953E-002 -0.17708490693640846     
   5.7100000000000000       0.17445067666623609       -3.9050938027510043E-002
   5.7199999999999998       0.20549574215197700       0.12596797517930663     
   5.7300000000000004       0.17860615780434430       0.25547320593310702     
   5.7400000000000002       0.12843674047198678       0.35167962079328047     
   5.7500000000000000        6.8605807817603462E-002  0.42143131535883871     
   5.7599999999999998        5.2955027587211941E-003  0.46980994347862881     
   5.7700000000000005       -5.8216368432584382E-002  0.50030589310768592     
   5.7800000000000002      -0.11992963110644998       0.51534477344684138     
   5.7900000000000000      -0.17844669002322250       0.51664937572733205     
   5.7999999999999998      -0.23264991729591053       0.50546431834745575     
   5.8100000000000005      -0.28152202048843666       0.48269665208241352     
   5.8200000000000003      -0.32402445322436674       0.44900757157441884     
   5.8300000000000001      -0.35899194158944853       0.40487715850576012     
   5.8399999999999999      -0.38501430916803642       0.35065828754444961     
   5.8500000000000005      -0.40027428792254865       0.28663738911280218     
   5.8600000000000003      -0.40229173809286506       0.21313348382021938     
   5.8700000000000001      -0.38747805383139333       0.13071247191466068     
   5.8799999999999999      -0.35029493180232152        4.0745317777220874E-002
   5.8899999999999997      -0.28158084068127442       -5.2889429690405242E-002
   5.9000000000000004      -0.16559881286818717      -0.13764582375786538     
   5.9100000000000001        1.5857473574634670E-002 -0.16797997826978658     
   5.9199999999999999       0.18428084588285429       -6.0255026277857698E-002
   5.9299999999999997       0.25288141974266337        8.0109375108946654E-002
   5.9400000000000004       0.26799754698305156       0.20353063531483820     
   5.9500000000000002       0.25535183923308208       0.30586818047668668     
   5.9600000000000000       0.22676983213670771       0.38911674276981434     
   5.9699999999999998       0.18838782254363640       0.45554937758828612     
   5.9800000000000004       0.14379766031120866       0.50696978904408907     
   5.9900000000000002        9.5328167357119978E-002  0.54471331957334324     
   6.0000000000000000        4.4633189609039454E-002  0.56974023922667516     
   6.0099999999999998       -7.0058517220292138E-003  0.58271623855976351     
   6.0200000000000005       -5.8505141977563124E-002  0.58406835198983842     
   6.0300000000000002      -0.10886245101760419       0.57401984209022294     
   6.0400000000000000      -0.15706480437992049       0.55260848571529730     
   6.0499999999999998      -0.20199693068043409       0.51969133571778081     
   6.0600000000000005      -0.24232848884280150       0.47493798903786866     
   6.0700000000000003      -0.27634867626962289       0.41781502894796591     
   6.0800000000000001      -0.30168990733533807       0.34757024590525198     
   6.0899999999999999      -0.31481414601552693       0.26325053710461371     
   6.1000000000000005      -0.30995519044944431       0.16389311286423125     
   6.1100000000000003      -0.27670691321247182        4.9524440404390357E-002
   6.1200000000000001      -0.19427968393902767       -7.3646180843085080E-002
   6.1299999999999999       -2.6338130540635468E-002 -0.16440063148799455     
   6.1400000000000006       0.16413155171794253      -0.11453619480742191     
   6.1500000000000004       0.27378051736682996       -8.2725024981034068E-003
   6.1600000000000001       0.33083258098489293        9.9580448271339592E-002
   6.1699999999999999       0.35621490258729077       0.19790082187692212     
   6.1799999999999997       0.36081468421751001       0.28467512677142293     
   6.1900000000000004       0.35074145333220696       0.35987273625777078     
   6.2000000000000002       0.32975676796281916       0.42387481996741361     
   6.2100000000000000       0.30036705075752079       0.47707293632173392     
   6.2199999999999998       0.26435909616474612       0.51975930734395226     
   6.2300000000000004       0.22308772596727436       0.55209721943795642     
   6.2400000000000002       0.17764511721894966       0.57411215569116447     
   6.2500000000000000       0.12897134495375653       0.58568464195699910     
   6.2599999999999998        7.7937015313995134E-002  0.58653736561790237     
   6.2700000000000005        2.5417383360894347E-002  0.57621202064861243     
   6.2800000000000002       -2.7625219214788509E-002  0.55403093290284522     
   6.2900000000000000       -8.0028902797535328E-002  0.51903615912065360     
   6.2999999999999998      -0.13025132483325286       0.46989457617537878     
   6.3100000000000005      -0.17603851447086752       0.40475245234797552     
   6.3200000000000003      -0.21374336940969724       0.32102720879894048     
   6.3300000000000001      -0.23673898712845620       0.21520974605563567     
   6.3399999999999999      -0.23119615385189116        8.3449142868833370E-002
   6.3500000000000005      -0.16418963020553828       -7.0496484564522621E-002
   6.3600000000000003        1.6435148114790965E-002 -0.17565896091309224     
   6.3700000000000001       0.18524463264431776      -0.15453950687203311     
   6.3799999999999999       0.30196549026980929       -8.9965348635322628E-002
   6.3900000000000006       0.38057585208469885       -1.4036833186460875E-002
   6.4000000000000004       0.43198478721763284        6.2894956344760111E-002
   6.4100000000000001       0.46289353159491708       0.13684201437434543     
   6.4199999999999999       0.47755361011673070       0.20598559165772740     
   6.4299999999999997       0.47881195338321714       0.26934853131775643     
   6.4400000000000004       0.46866975926911603       0.32629826851281529     
   6.4500000000000002       0.44859282034399334       0.37633121629306659     
   6.4600000000000000       0.41969452258447076       0.41896379440854792     
   6.4699999999999998       0.38285143592309945       0.45366541625708501     
   6.4800000000000004       0.33878299382527072       0.47980524735829871     
   6.4900000000000002       0.28811404530831786       0.49659703657771931     
   6.5000000000000000       0.23143464448955556       0.50302913368849522     
   6.5099999999999998       0.16937342283202039       0.49776370521849417     
   6.5200000000000005       0.10271211652610431       0.47897930109923964     
   6.5300000000000002        3.2601411406156466E-002  0.44410925208201857     
   6.5400000000000000       -3.8966850900721738E-002  0.38938378563853920     
   6.5499999999999998      -0.10796808902073238       0.30900683408391183     
   6.5600000000000005      -0.16481548725358430       0.19384534925137759     
   6.5700000000000003      -0.18216288873237410        3.2226515089537909E-002
   6.5800000000000001       -8.5914011150483277E-002 -0.14948868571832422     
   6.5899999999999999        7.6506726557522928E-002 -0.21606615439931040     
   6.6000000000000005       0.21384612281861717      -0.21181025668948961     
   6.6100000000000003       0.32022460541440684      -0.17688820060207880     
   6.6200000000000001       0.40078236018341734      -0.12770308662876856     
   6.6299999999999999       0.46008080023155645       -7.1744021555850954E-002
   6.6400000000000006       0.50138886646544434       -1.2979575849623176E-002
   6.6500000000000004       0.52700870270664157        4.6190994891992666E-002
   6.6600000000000001       0.53857651578360755       0.10412994094341345     
   6.6699999999999999       0.53726310344708905       0.15957839362522758     
   6.6799999999999997       0.52390183460048889       0.21144838060528259     
   6.6900000000000004       0.49907094904216620       0.25868919524867950     
   6.7000000000000002       0.46314810904336889       0.30018058934686459     
   6.7100000000000000       0.41634965839863380       0.33462316439675915     
   6.7199999999999998       0.35876620374508444       0.36039775546573299     
   6.7300000000000004       0.29041241541338852       0.37535303289060717     
   6.7400000000000002       0.21133263008868702       0.37644514438860693     
   6.7500000000000000       0.12188344058900387       0.35906631815097800     
   6.7599999999999998        2.3608783560911749E-002  0.31568783095798947     
   6.7700000000000005       -7.7603702865540802E-002  0.23302578694386308     
   6.7800000000000002      -0.15813792980422120        8.8271761338132110E-002
   6.7900000000000000      -0.13357407769076574      -0.11514745966171891     
   6.7999999999999998       -1.2866491871211611E-002 -0.23568602829218144     
   6.8100000000000005       0.11170369452934656      -0.28547019090985792     
   6.8200000000000003       0.22096523139274349      -0.29613153736322745     
   6.8300000000000001       0.31293292386930693      -0.28361614830524906     
   6.8399999999999999       0.38850053332812878      -0.25623709990498694     
   6.8500000000000005       0.44885239131991450      -0.21882244101176468     
   6.8600000000000003       0.49497294511869333      -0.17446980254548683     
   6.8700000000000001       0.52757571241271184      -0.12535236720375142     
   6.8799999999999999       0.54711634377436669       -7.3131359007285943E-002
   6.8900000000000006       0.55381405132313899       -1.9193676683369285E-002
   6.9000000000000004       0.54766333658387034        3.5189296731842137E-002
   6.9100000000000001       0.52843139579428555        8.8731755337403920E-002
   6.9199999999999999       0.49563916688055037       0.13999723309414946     
   6.9299999999999997       0.44852426518075150       0.18721715776601336     
   6.9400000000000004       0.38598671793490846       0.22799956257883583     
   6.9500000000000002       0.30653554492463564       0.25879121098287833     
   6.9600000000000000       0.20834059941905161       0.27375851645911536     
   6.9699999999999998        8.9944143771983912E-002  0.26218113759640244     
   6.9800000000000004       -4.5126539407632657E-002  0.20199950547505080     
   6.9900000000000002      -0.16010562551645605        5.1882045661630363E-002
   7.0000000000000000      -0.14249842184089168      -0.14119985040136293     
   7.0099999999999998       -5.5207540451774478E-002 -0.26523308794969092     
   7.0200000000000005        4.3044221224426159E-002 -0.33660706733509538     
   7.0300000000000002       0.13694749382401955      -0.37397573511818805     
   7.0400000000000000       0.22229206555935335      -0.38797233264287073     
   7.0499999999999998       0.29782037298316616      -0.38483633952291396     
   7.0600000000000005       0.36314509875030343      -0.36851552302957385     
   7.0700000000000003       0.41811790765351226      -0.34168969883931777     
   7.0800000000000001       0.46260653963638476      -0.30629611137244911     
   7.0899999999999999       0.49640162491024326      -0.26382222673484618     
   7.1000000000000005       0.51916538220319375      -0.21548552987882677     
   7.1100000000000003       0.53038920149672319      -0.16235904976718804     
   7.1200000000000001       0.52934371532296109      -0.10547677528539351     
   7.1299999999999999       0.51500839936835519       -4.5946375684138646E-002
   7.1400000000000006       0.48596464285353486        1.4896234623846991E-002
   7.1500000000000004       0.44022772528943788        7.5227150825562764E-002
   7.1600000000000001       0.37498091885677681       0.13222417125426589     
   7.1699999999999999       0.28618382838426393       0.18091699103333189     
   7.1799999999999997       0.16827653595295361       0.21120719814035419     
   7.1900000000000004        1.6635509439998995E-002  0.19915753048202117     
   7.2000000000000002      -0.14323317474280484        8.8607724364523979E-002
   7.2100000000000000      -0.18474822213555711       -9.5158684296782120E-002
   7.2199999999999998      -0.14499720456584825      -0.23706719722077232     
   7.2300000000000004       -7.8572557873985052E-002 -0.33536492113245570     
   7.2400000000000002       -4.5574890947081212E-003 -0.40126505772376525     
   7.2500000000000000        6.9736004099565777E-002 -0.44265125985822978     
   7.2599999999999998       0.14096992517291707      -0.46461674135576381     
   7.2700000000000005       0.20734164566194163      -0.47055710410164237     
   7.2800000000000002       0.26769306435422269      -0.46283453015070125     
   7.2900000000000000       0.32113044562390231      -0.44315776056285100     
   7.2999999999999998       0.36683360769275569      -0.41280782277358230     
   7.3100000000000005       0.40393816856814180      -0.37278164550369730     
   7.3200000000000003       0.43144034452837288      -0.32389373362200247     
   7.3300000000000001       0.44809491861485851      -0.26686223870202413     
   7.3399999999999999       0.45227951729213761      -0.20240426913121343     
   7.3500000000000005       0.44178752917403363      -0.13137822890921391     
   7.3600000000000003       0.41348284713053773       -5.5055071803007317E-002
   7.3700000000000001       0.36268779327523953        2.4262669101700114E-002
   7.3799999999999999       0.28208115637843056       0.10158610915552360     
   7.3900000000000006       0.16015357436270289       0.16402860467851685     
   7.4000000000000004       -1.4252443636890565E-002  0.17272291091258576     
   7.4100000000000001      -0.17784963289424402        5.0426882332559209E-002
   7.4199999999999999      -0.23030407124608984      -0.10338218527275263     
   7.4299999999999997      -0.22624301417168508      -0.23182176901559778     
   7.4400000000000004      -0.19590333571263191      -0.33333474678572805     
   7.4500000000000002      -0.15218284083168521      -0.41207990879839235     
   7.4600000000000000      -0.10137485490228075      -0.47163359923057729     
   7.4699999999999998       -4.7001921791423970E-002 -0.51460182700660384     
   7.4800000000000004        8.7157855153011110E-003 -0.54284675769754320     
   7.4900000000000002        6.4218478882906563E-002 -0.55769993849904853     
   7.5000000000000000       0.11828820225115456      -0.56010861275953461     
   7.5099999999999998       0.16986872924903115      -0.55073064812145567     
   7.5200000000000005       0.21794615331248629      -0.52999528911162175     
   7.5300000000000002       0.26145150512270832      -0.49814169415743881     
   7.5400000000000000       0.29916008626883051      -0.45524355326384131     
   7.5499999999999998       0.32956246543471673      -0.40122728029644489     
   7.5600000000000005       0.35067025248087358      -0.33589526506833733     
   7.5700000000000003       0.35968721076355875      -0.25898185078037167     
   7.5800000000000001       0.35239550722774304      -0.17032587991793008     
   7.5899999999999999       0.32190158069672198       -7.0455410100039667E-002
   7.6000000000000005       0.25589112340953596        3.7188652299596510E-002
   7.6100000000000003       0.13145097259118169       0.13634112840366203     
   7.6200000000000001       -6.9382967018027278E-002  0.15625786237922173     
   7.6299999999999999      -0.21540714808694517        5.2737158102797554E-002
   7.6400000000000006      -0.28346306052925729       -6.9872164847984808E-002
   7.6500000000000004      -0.30654706745588528      -0.18139614782588717     
   7.6600000000000001      -0.30285238023976380      -0.27707410754342532     
   7.6699999999999999      -0.28187024125862170      -0.35693609359847811     
   7.6799999999999997      -0.24906007208798595      -0.42182008526877035     
   7.6900000000000004      -0.20788526511990021      -0.47253732512138763     
   7.7000000000000002      -0.16074534699788789      -0.50969546222998652     
   7.7100000000000000      -0.10944827817643088      -0.53367199945475796     
   7.7199999999999998       -5.5478779312205288E-002 -0.54461771419342109     
   7.7300000000000004       -1.7426530776438283E-004 -0.54245800550547829     
   7.7400000000000002        5.5134558646743104E-002 -0.52688216169035662     
   7.7500000000000000       0.10897935747666598      -0.49731566044833109     
   7.7599999999999998       0.15956388999688761      -0.45287128205059124     
   7.7700000000000005       0.20445808414713459      -0.39227669051275837     
   7.7800000000000002       0.24002766819585958      -0.31379174650388020     
   7.7900000000000000       0.26022964526890052      -0.21521650095297223     
   7.7999999999999998       0.25375417059441630       -9.4578327815503585E-002
   7.8100000000000005       0.19683638515881105        4.4860519185812825E-002
   7.8200000000000003        4.5477432811219964E-002  0.16277550119251724     
   7.8300000000000001      -0.14307148345768925       0.14757797788800114     
   7.8399999999999999      -0.26657858441328319        6.5289939058477936E-002
   7.8500000000000005      -0.33918077256926965       -2.9465637858466724E-002
   7.8600000000000003      -0.37785174872581084      -0.12127350993559671     
   7.8700000000000001      -0.39265305903441367      -0.20542028697179857     
   7.8799999999999999      -0.38964112559124142      -0.28024789137150879     
   7.8900000000000006      -0.37271632935964349      -0.34506872234995600     
   7.9000000000000004      -0.34456271266699090      -0.39949367199782065     
   7.9100000000000001      -0.30714475492074100      -0.44317733859304492     
   7.9199999999999999      -0.26199221999185207      -0.47570082981158401     
   7.9300000000000006      -0.21038214590186124      -0.49649932882397096     
   7.9400000000000004      -0.15347495896895633      -0.50479670536735088     
   7.9500000000000002       -9.2442490337844740E-002 -0.49952555826389811     
   7.9600000000000000       -2.8626327259195790E-002 -0.47921233994557078     
   7.9699999999999998        3.6211294759668257E-002 -0.44179962700934561     
   7.9800000000000004        9.9407699687932394E-002 -0.38436307611646170     
   7.9900000000000002       0.15633254242710176      -0.30267732780100837     
   8.0000000000000000       0.19764669283246789      -0.19076752909040121     
   8.0099999999999998       0.20131607719268929       -4.2523203863300829E-002
   8.0199999999999996       0.11374919072714199       0.12499260031447511     
   8.0299999999999994       -6.6848008159792194E-002  0.19028261648194084     
   8.0400000000000009      -0.21527611800903335       0.16400343559418981     
   8.0500000000000007      -0.32082718944889749       0.10505931410700456     
   8.0600000000000005      -0.39345831490650579        3.5335099600657269E-002
   8.0700000000000003      -0.44089357104198623       -3.6651866811782251E-002
   8.0800000000000001      -0.46822837888248336      -0.10696786543935768     
   8.0899999999999999      -0.47887908891626113      -0.17347234300230716     
   8.0999999999999996      -0.47522157059847614      -0.23479371285851844     
   8.1099999999999994      -0.45896665786585156      -0.28989106177376439     
   8.1200000000000010      -0.43138516193659893      -0.33783435020800018     
   8.1300000000000008      -0.39345095211258335      -0.37767002929418747     
   8.1400000000000006      -0.34594138482309433      -0.40831440889292842     
   8.1500000000000004      -0.28952112187420526      -0.42844149975255741     
   8.1600000000000001      -0.22483409744688790      -0.43633520445028362     
   8.1699999999999999      -0.15264188034321940      -0.42966359268551002     
   8.1799999999999997       -7.4093145099792909E-002 -0.40509935266721947     
   8.1899999999999995        8.6436909466301205E-003 -0.35763694950692859     
   8.1999999999999993        9.0635192187645222E-002 -0.27933595345694645     
   8.2100000000000009       0.15849909148125521      -0.15749395457146126     
   8.2200000000000006       0.17027209961354917        2.0083229808622378E-002
   8.2300000000000004        4.8670684741833253E-002  0.18192918638414327     
   8.2400000000000002      -0.10169738265858128       0.23624647930305398     
   8.2500000000000000      -0.22847001994021299       0.23575078542251218     
   8.2599999999999998      -0.32975089118100043       0.20895096696795146     
   8.2699999999999996      -0.40914987939147673       0.16828540700807540     
   8.2799999999999994      -0.46989463599379439       0.11994726759327973     
   8.2900000000000009      -0.51437504637519782        6.7457423223896099E-002
   8.3000000000000007      -0.54431121265608473        1.3060182225002277E-002
   8.3100000000000005      -0.56093394028217691       -4.1656500907050156E-002
   8.3200000000000003      -0.56511285431160929       -9.5449072133669197E-002
   8.3300000000000001      -0.55744049229293768      -0.14723993114694728     
   8.3399999999999999      -0.53828584026199189      -0.19599790752218388     
   8.3499999999999996      -0.50782722650493162      -0.24063994273881420     
   8.3599999999999994      -0.46607154773167181      -0.27992872996729534     
   8.3700000000000010      -0.41286618153168608      -0.31234068363774276     
   8.3800000000000008      -0.34791373489032273      -0.33586575991320583     
   8.3900000000000006      -0.27081549526703486      -0.34766564232442393     
   8.4000000000000004      -0.18122566600693990      -0.34342915824024861     
   8.4100000000000001       -7.9416813527847838E-002 -0.31603718547127779     
   8.4199999999999999        3.1452870016978697E-002 -0.25258786639438285     
   8.4299999999999997       0.13479317871433977      -0.12867256354627077     
   8.4399999999999995       0.15590000041437516        7.3742212956357592E-002
   8.4499999999999993        5.7019671723512813E-002  0.21940190304054982     
   8.4600000000000009       -6.1184180636011186E-002  0.29070799307402112     
   8.4700000000000006      -0.17017521365974100       0.31824067318646571     
   8.4800000000000004      -0.26487217949495800       0.31904235372020334     
   8.4900000000000002      -0.34490318056617764       0.30217866854129777     
   8.5000000000000000      -0.41081236741141752       0.27294249374606250     
   8.5099999999999998      -0.46320439616214265       0.23472556001719516     
   8.5199999999999996      -0.50253708759322457       0.18989089923045749     
   8.5299999999999994      -0.52907364811265323       0.14022103549955156     
   8.5400000000000009      -0.54287210539476094        8.7175176701401208E-002
   8.5500000000000007      -0.54377681159804547        3.2058820971339157E-002
   8.5600000000000005      -0.53139968468218313       -2.3840576442472880E-002
   8.5700000000000003      -0.50508433898475336       -7.9114653255026743E-002
   8.5800000000000001      -0.46384648829715602      -0.13205132081358045     
   8.5899999999999999      -0.40628397080454320      -0.18034055895780840     
   8.5999999999999996      -0.33045963488852026      -0.22052377575065951     
   8.6099999999999994      -0.23382990001679199      -0.24682304228356811     
   8.6200000000000010      -0.11371281103917338      -0.24832984132112648     
   8.6300000000000008        2.8437378607855581E-002 -0.20172001793905101     
   8.6400000000000006       0.15730804011151089       -6.0912107868229703E-002
   8.6500000000000004       0.15680455759021891       0.12999147315889659     
   8.6600000000000001        8.3039766280587013E-002  0.26016119796844589     
   8.6699999999999999       -6.8209921239324386E-003  0.33990272109306835     
   8.6799999999999997       -9.5996449986222226E-002  0.38549444388979898     
   8.6899999999999995      -0.17912732202626716       0.40681282897013621     
   8.7000000000000011      -0.25420633250446306       0.40984477654111695     
   8.7100000000000009      -0.32033891933433323       0.39845283087204292     
   8.7200000000000006      -0.37700789863348938       0.37528959865835942     
   8.7300000000000004      -0.42378945913687610       0.34228401182801904     
   8.7400000000000002      -0.46022172020374968       0.30091955798396408     
   8.7500000000000000      -0.48572580623645628       0.25240963173717890     
   8.7599999999999998      -0.49953891440154652       0.19782443549171458     
   8.7699999999999996      -0.50063696348036879       0.13820389702671931     
   8.7799999999999994      -0.48762685808341288        7.4688716194822674E-002
   8.7900000000000009      -0.45858142062396584        8.7174393836921115E-003
   8.8000000000000007      -0.41077345051887049       -5.7610505259293551E-002
   8.8100000000000005      -0.34024247839184163      -0.12075157493302800     
   8.8200000000000003      -0.24116833177137062      -0.17376271230094953     
   8.8300000000000001      -0.10584246925801485      -0.20065434868445997     
   8.8399999999999999        6.5272784978003123E-002 -0.15969706642249021     
   8.8499999999999996       0.18620444853400850        4.0399044470026402E-003
   8.8599999999999994       0.19335424447985042       0.16530825613706374     
   8.8700000000000010       0.15413486921408737       0.28693327415150877     
   8.8800000000000008        9.7305482643415236E-002  0.37577597478814900     
   8.8900000000000006        3.3908125734518679E-002  0.43925437539587459     
   8.9000000000000004       -3.1054701337471086E-002  0.48245328240745716     
   8.9100000000000001       -9.4932533330559510E-002  0.50879614461205680     
   8.9199999999999999      -0.15610733757589998       0.52065198062464757     
   8.9299999999999997      -0.21344452593463364       0.51970853158590646     
   8.9399999999999995      -0.26603028065296130       0.50719598472481364     
   8.9500000000000011      -0.31302566518871949       0.48402520263288490     
   8.9600000000000009      -0.35356878941554609       0.45087742200446917     
   8.9700000000000006      -0.38669155872540767       0.40826706833376142     
   8.9800000000000004      -0.41122901440795429       0.35659238226101442     
   8.9900000000000002      -0.42569906319970957       0.29618786322269547     
   9.0000000000000000      -0.42811979267959138       0.22739981119408312     
   9.0099999999999998      -0.41570404044444437       0.15073122386093507     
   9.0199999999999996      -0.38430704249261483        6.7180176606969760E-002
   9.0299999999999994      -0.32735984110973204       -2.0837265974307684E-002
   9.0400000000000009      -0.23379630575551064      -0.10652398806348572     
   9.0500000000000007       -8.5807348615415766E-002 -0.16741300018913963     
   9.0600000000000005       0.11306348545786711      -0.12902977269790336     
   9.0700000000000003       0.22353443621731933        1.0236748849885360E-002
   9.0800000000000001       0.25524531506088927       0.14589645665906081     
   9.0899999999999999       0.24730320532021854       0.25889079045734475     
   9.0999999999999996       0.21808743504493211       0.34961466971543592     
   9.1099999999999994       0.17656579121428143       0.42061107628473055     
   9.1200000000000010       0.12770083289139567       0.47411440341414762     
   9.1300000000000008        7.4577152017618803E-002  0.51180638729853445     
   9.1400000000000006        1.9325520675693163E-002  0.53489472097653978     
   9.1500000000000004       -3.6423660061313513E-002  0.54421180629751353     
   9.1600000000000001       -9.1286648819430272E-002  0.54028815368204097     
   9.1699999999999999      -0.14395908177703584       0.52339950164659010     
   9.1799999999999997      -0.19307853979501807       0.49359311430881309     
   9.1899999999999995      -0.23707841159895329       0.45069882758021457     
   9.2000000000000011      -0.27399134721677021       0.39433189351659648     
   9.2100000000000009      -0.30113426196557702       0.32390381895307274     
   9.2200000000000006      -0.31453417733084488       0.23869360052075592     
   9.2300000000000004      -0.30776289282393721       0.13817586808416932     
   9.2400000000000002      -0.26934682677679539        2.3450623105915894E-002
   9.2500000000000000      -0.17712651796206361       -9.5959076609528654E-002
   9.2599999999999998        6.2881667404592057E-004 -0.16902979676376750     
   9.2699999999999996       0.17787012545715397      -0.10392720019419338     
   9.2799999999999994       0.27479202739348335        8.1049808313987948E-003
   9.2900000000000009       0.31950016520414182       0.11859711878737250     
   9.3000000000000007       0.33234238014165429       0.21726076007311426     
   9.3100000000000005       0.32422469395779135       0.30222237501257304     
   9.3200000000000003       0.30140777854371914       0.37348226996710554     
   9.3300000000000001       0.26782689414353417       0.43140424912459835     
   9.3399999999999999       0.22617019623466261       0.47631804897311519     
   9.3499999999999996       0.17842299327889524       0.50840514782611990     
   9.3599999999999994       0.12617264139750414       0.52766080576928553     
   9.3700000000000010        7.0803120442136089E-002  0.53387193005859779     
   9.3800000000000008        1.3644054826514875E-002  0.52658947305192461     
   9.3900000000000006       -4.3883520962226752E-002  0.50508444215903103     
   9.4000000000000004      -0.10008165251196244       0.46827795898709540     
   9.4100000000000001      -0.15268140871197566       0.41463482471933483     
   9.4199999999999999      -0.19829379262655555       0.34201617858499983     
   9.4299999999999997      -0.23123697726636616       0.24754575855349165     
   9.4399999999999995      -0.24069513048799443       0.12793394467661368     
   9.4500000000000011      -0.20323599055741629       -1.6615284320967077E-002
   9.4600000000000009       -7.1149001057393857E-002 -0.15342834109351156     
   9.4700000000000006       0.11900426861374885      -0.16502512064890429     
   9.4800000000000004       0.25337534012529067       -9.9267834769658572E-002
   9.4900000000000002       0.33810905618619769       -1.4063538787377965E-002
   9.5000000000000000       0.38839826050226212        7.2573465719187560E-002
   9.5099999999999998       0.41383046483126584       0.15456585973210674     
   9.5199999999999996       0.42031124501262579       0.22947988853157378     
   9.5299999999999994       0.41168216073463271       0.29614429267073616     
   9.5400000000000009       0.39059196536164403       0.35384477443703272     
   9.5500000000000007       0.35896859650678026       0.40200305174106044     
   9.5600000000000005       0.31829257849629111       0.44002341552753677     
   9.5700000000000003       0.26977132257479219       0.46719813409810101     
   9.5800000000000001       0.21446736634265018       0.48262636716741070     
   9.5899999999999999       0.15341575036597843       0.48512036138480652     
   9.5999999999999996        8.7765947997057614E-002  0.47307429802010126     
   9.6099999999999994        1.9005480696665598E-002  0.44426118932158593     
   9.6200000000000010       -5.0608346716986580E-002  0.39550042526578844     
   9.6300000000000008      -0.11707035847605408       0.32210845879750011     
   9.6400000000000006      -0.17205148391385203       0.21712787633185104     
   9.6500000000000004      -0.19508542397350465        7.1830149496730000E-002
   9.6600000000000001      -0.13239798022524490      -0.10503005744877170     
   9.6699999999999999        3.8580252376314933E-002 -0.19598421239042096     
   9.6799999999999997       0.19044701586424084      -0.18985382300807163     
   9.6899999999999995       0.30365078667857742      -0.14518086610528130     
   9.7000000000000011       0.38541351756229075       -8.5475386289219538E-002
   9.7100000000000009       0.44244602429378616       -2.0285341541964933E-002
   9.7200000000000006       0.47937505234510674        4.5826410959043093E-002
   9.7300000000000004       0.49935747816812937       0.11031813347669199     
   9.7400000000000002       0.50460002046481056       0.17155351858200252     
   9.7500000000000000       0.49668393189507504       0.22831524270177417     
   9.7599999999999998       0.47676402819245756       0.27955906340366327     
   9.7699999999999996       0.44569507997708835       0.32426544365802673     
   9.7799999999999994       0.40411782635793075       0.36132650659358861     
   9.7900000000000009       0.35252584465785020       0.38943328323948906     
   9.8000000000000007       0.29133221415034044       0.40693317339393575     
   9.8100000000000005       0.22096335067473938       0.41161708753548848     
   9.8200000000000003       0.14203912560462484       0.40036382018701960     
   9.8300000000000001        5.5800587398789861E-002  0.36849379434615837     
   9.8399999999999999       -3.4693333834844027E-002  0.30852223209846225     
   9.8499999999999996      -0.12061046979001043       0.20785005524076294     
   9.8599999999999994      -0.17221660894550228        4.8049159353990886E-002
   9.8700000000000010      -0.10486952893869443      -0.14494018576654952     
   9.8800000000000008        3.4783944182565696E-002 -0.23799485819256089     
   9.8900000000000006       0.16456855920728636      -0.26352592056213581     
   9.9000000000000004       0.27269001596658471      -0.25436746658862852     
   9.9100000000000001       0.36005214864017954      -0.22584454612721075     
   9.9199999999999999       0.42890061957371667      -0.18570883693886178     
   9.9299999999999997       0.48116438820690760      -0.13839215007266362     
   9.9399999999999995       0.51829269667944222       -8.6722213204365045E-002
   9.9500000000000011       0.54132091702418506       -3.2693009349182858E-002
   9.9600000000000009       0.55094995550686665        2.2145436425369307E-002
   9.9700000000000006       0.54760469843109016        7.6462380320155551E-002
   9.9800000000000004       0.53147014463513675       0.12899354686013237     
   9.9900000000000002       0.50250890914674884       0.17841153915569524     
   10.000000000000000       0.46046389795946674       0.22318424752112603     
   10.010000000000000       0.40485120064494995       0.26138077514290115     
   10.020000000000000       0.33495636016717334       0.29035643928503796     
   10.029999999999999       0.24988069270381486       0.30617262537834522     
   10.040000000000001       0.14882248475497706       0.30240580036460751     
   10.050000000000001        3.2418965597626373E-002  0.26745745647289576     
   10.060000000000000       -9.0529306129603831E-002  0.17851470395907218     
   10.070000000000000      -0.16890858330289188        1.6863682158778232E-003
   10.080000000000000      -0.10893397298541724      -0.17652328038806778     
   10.090000000000000       -7.7453786190426893E-004 -0.27665128828269236     
   10.100000000000000       0.10752930790140408      -0.32519835803841934     
   10.109999999999999       0.20526868141871882      -0.34179554273499857     
   10.120000000000001       0.29022151597812229      -0.33710169563551667     
   10.130000000000001       0.36215670885591378      -0.31728743587725106     
   10.140000000000001       0.42128319759440291      -0.28625140169401825     
   10.150000000000000       0.46782245525221705      -0.24666265864210968     
   10.160000000000000       0.50187634445858287      -0.20049091782729930     
   10.170000000000000       0.52337827215680877      -0.14930488552199292     
   10.180000000000000       0.53206394972810755       -9.4462742789831106E-002
   10.190000000000000       0.52743848708756513       -3.7257337493623963E-002
   10.200000000000001       0.50872747978043609        2.0943046182568949E-002
   10.210000000000001       0.47480097219958534        7.8517045522179571E-002
   10.220000000000001       0.42405698146514403       0.13330996569882694     
   10.230000000000000       0.35425324256047469       0.18211111003907005     
   10.240000000000000       0.26231992473361787       0.21953609264515822     
   10.250000000000000       0.14451230873151563       0.23530682109156931     
   10.260000000000000       -3.8962730450465069E-004  0.20696035029882318     
   10.270000000000000      -0.14511804501043138        8.6445250756913256E-002
   10.279999999999999      -0.17097374684323530      -0.10488104067411524     
   10.290000000000001      -0.11318620917815671      -0.24489775875915096     
   10.300000000000001       -3.2643442974692939E-002 -0.33567964064315015     
   10.310000000000000        5.1258625748858894E-002 -0.39191708235798550     
   10.320000000000000       0.13188355545336544      -0.42309792639658828     
   10.330000000000000       0.20652683304869601      -0.43508892834215585     
   10.340000000000000       0.27387169445824910      -0.43170439757853668     
   10.350000000000000       0.33312536711940649      -0.41556571282602139     
   10.359999999999999       0.38367434868041622      -0.38856813974193527     
   10.370000000000001       0.42492124625979899      -0.35214983399512229     
   10.380000000000001       0.45618786458050326      -0.30746045751436962     
   10.390000000000001       0.47663726750599439      -0.25548051884932460     
   10.400000000000000       0.48518897726302612      -0.19712334317196425     
   10.410000000000000       0.48040507942102101      -0.13334815579948966     
   10.420000000000000       0.46031762976400342       -6.5325094082777757E-002
   10.430000000000000       0.42214781278325891        5.2640921320712408E-003
   10.440000000000000       0.36183025861462476        7.5577100843345651E-002
   10.450000000000001       0.27322934127970289       0.13998243727095910     
   10.460000000000001       0.14734897475538794       0.18528855055800941     
   10.470000000000001       -2.2376202312106623E-002  0.17546064334357522     
   10.480000000000000      -0.17613900511508734        4.0465452660883555E-002
   10.490000000000000      -0.21210240300264679      -0.12159249019285991     
   10.500000000000000      -0.19076550467448966      -0.25080174483268181     
   10.510000000000000      -0.14535829655410493      -0.34836546845862981     
   10.520000000000000       -8.9281829476484442E-002 -0.42035926258722434     
   10.529999999999999       -2.8763990245637083E-002 -0.47144206134136124     
   10.540000000000001        3.2831562578332328E-002 -0.50486112451715193     
   10.550000000000001        9.3426225400822294E-002 -0.52288919159096670     
   10.560000000000000       0.15155979576170528      -0.52714298230758883     
   10.570000000000000       0.20606744362036400      -0.51878538362616822     
   10.580000000000000       0.25589807792697289      -0.49865316287346578     
   10.590000000000000       0.29999092574499270      -0.46734006337557760     
   10.600000000000000       0.33716875141931496      -0.42525441507857603     
   10.609999999999999       0.36601886250520216      -0.37266542867168517     
   10.620000000000001       0.38473035308357562      -0.30975371372640254     
   10.630000000000001       0.39083734974964057      -0.23669388135891259     
   10.640000000000001       0.38076990707665664      -0.15383869338271194     
   10.650000000000000       0.34899871045498365       -6.2214752711214870E-002
   10.660000000000000       0.28630091811767416        3.4922361639748344E-002
   10.670000000000000       0.17649529348663856       0.12631336533817794     
   10.680000000000000       -1.4630673372485609E-003  0.16892912242542341     
   10.690000000000000      -0.17822341493999053        7.3219515430179044E-002
   10.700000000000001      -0.25662107975131465       -6.2900426945660670E-002
   10.710000000000001      -0.28009403768618202      -0.18555776712318392     
   10.720000000000001      -0.27441200085686007      -0.28890039509325777     
   10.730000000000000      -0.25160502208118679      -0.37421391909265395     
   10.740000000000000      -0.21796523277903773      -0.44341572779968763     
   10.750000000000000      -0.17719157703220925      -0.49810481564173797     
   10.760000000000000      -0.13168403494054182      -0.53948643354329373     
   10.770000000000000       -8.3140852940035689E-002 -0.56843156627274394     
   10.779999999999999       -3.2866458727389719E-002 -0.58554045202494809     
   10.790000000000001        1.8051204656562285E-002 -0.59118901817094061     
   10.800000000000001        6.8624454838201468E-002 -0.58555782173076110     
   10.810000000000000       0.11787567038014385      -0.56864598596603388     
   10.820000000000000       0.16475086471152267      -0.54027194668127709     
   10.830000000000000       0.20801672873512927      -0.50006173333448856     
   10.840000000000000       0.24611346475148227      -0.44742519674508013     
   10.850000000000000       0.27691342846799361      -0.38152339738283908     
   10.859999999999999       0.29727900276294777      -0.30124539487381496     
   10.870000000000001       0.30216372777320427      -0.20527999260763580     
   10.880000000000001       0.28257702112035932       -9.2689513109585106E-002
   10.890000000000001       0.22057572789405908        3.3813588733519619E-002
   10.900000000000000        8.0211164590433578E-002  0.14830383942792019     
   10.910000000000000      -0.12621944438075802       0.14064341099493016     
   10.920000000000000      -0.25881437795065310        5.0709595188861936E-002
   10.930000000000000      -0.33571087508780850       -5.0137235522024717E-002
   10.940000000000000      -0.37871838492645482      -0.14592286546798580     
   10.950000000000001      -0.39936175058805812      -0.23309143288954098     
   10.960000000000001      -0.40405920369790410      -0.31095301084616273     
   10.970000000000001      -0.39672138407371271      -0.37955256913152446     
   10.980000000000000      -0.37992061071466759      -0.43909869963148318     
   10.990000000000000      -0.35545817536982877      -0.48978975430744398     
   11.000000000000000      -0.32466445966922036      -0.53175686770204988     
   11.010000000000000      -0.28857096759306577      -0.56504365776267262     
   11.020000000000000      -0.24801694403085747      -0.58959639170022915     
   11.029999999999999      -0.20372147815667846      -0.60525481039044504     
   11.040000000000001      -0.15633807482895490      -0.61173899269256027     
   11.050000000000001      -0.10650272838916543      -0.60862890813961978     
   11.060000000000000       -5.4884944096151002E-002 -0.59533276337166796     
   11.070000000000000       -2.2532013457342058E-003 -0.57103828927442091     
   11.080000000000000        5.0426311257984871E-002 -0.53463730043526381     
   11.090000000000000       0.10182033133491421      -0.48460707247257784     
   11.100000000000000       0.14990393008056874      -0.41882111508957570     
   11.109999999999999       0.19126454164734685      -0.33425160089471023     
   11.120000000000001       0.21940443688436348      -0.22657772265966922     
   11.130000000000001       0.21993669934603333       -9.0393597999851749E-002
   11.140000000000001       0.15589054529238500        7.2332142676346745E-002
   11.150000000000000       -2.9410843592370881E-002  0.17879628692533694     
   11.160000000000000      -0.19519585601032557       0.16661522347935853     
   11.170000000000000      -0.31539004720010749       0.11551875976413635     
   11.180000000000000      -0.40272520679883067        5.2386930284688521E-002
   11.190000000000000      -0.46632416433605095       -1.3832530020014229E-002
   11.200000000000001      -0.51179257300647496       -7.9514185551429348E-002
   11.210000000000001      -0.54271864959850846      -0.14293648494479239     
   11.220000000000001      -0.56152419494063810      -0.20316658496596429     
   11.230000000000000      -0.56991899964529169      -0.25962994681033152     
   11.240000000000000      -0.56915400521367832      -0.31192050837251406     
   11.250000000000000      -0.56017018958516984      -0.35970680770957908     
   11.260000000000000      -0.54369071107304490      -0.40267985382885058     
   11.270000000000000      -0.52028067476296214      -0.44051984186161175     
   11.279999999999999      -0.49038774717743194      -0.47287078834815899     
   11.290000000000001      -0.45437131077380311      -0.49931696160385403     
   11.300000000000001      -0.41252510986067265      -0.51935669978601195     
   11.310000000000000      -0.36509720471254692      -0.53236924029855948     
   11.320000000000000      -0.31231117621881282      -0.53756879287773363     
   11.330000000000000      -0.25439426755721239      -0.53393676571123860     
   11.340000000000000      -0.19162304115238935      -0.52011622785053913     
   11.350000000000000      -0.12440969526434989      -0.49423858863408704     
   11.359999999999999       -5.3486282438741331E-002 -0.45362208004683613     
   11.370000000000001        1.9652903198512428E-002 -0.39421339847801923     
   11.380000000000001        9.1530333223093063E-002 -0.30949542987428547     
   11.390000000000001       0.15265944150646865      -0.18843370133237528     
   11.400000000000000       0.17153310701996313       -1.5214376745351414E-002
   11.410000000000000        5.7802062050263808E-002  0.16976651421535660     
   11.420000000000000       -9.5492382926573249E-002  0.23854842763995210     
   11.430000000000000      -0.22656528223998607       0.25181895245656544     
   11.440000000000000      -0.33462616668733247       0.23951247173995843     
   11.450000000000001      -0.42372973481126663       0.21363707698675344     
   11.460000000000001      -0.49717907285928858       0.17986909485733893     
   11.470000000000001      -0.55734814356221585       0.14129658695999911     
   11.480000000000000      -0.60594200865606762        9.9789581002848265E-002
   11.490000000000000      -0.64420671155057940        5.6581516605684813E-002
   11.500000000000000      -0.67306762082092719        1.2547504736131065E-002
   11.510000000000000      -0.69321857369482154       -3.1648880445932802E-002
   11.520000000000000      -0.70517992226084847       -7.5471369403234956E-002
   11.529999999999999      -0.70933685269458147      -0.11845859617390074     
   11.540000000000001      -0.70596481327580529      -0.16018849196567281     
   11.550000000000001      -0.69524614935286333      -0.20025138583577740     
   11.560000000000000      -0.67728040070428641      -0.23822690567162302     
   11.570000000000000      -0.65208970315375636      -0.27366111880679034     
   11.580000000000000      -0.61962008533671264      -0.30604060273184180     
   11.590000000000000      -0.57973902879629891      -0.33475945455718059     
   11.600000000000000      -0.53222944250129656      -0.35907335461478768     
   11.609999999999999      -0.47678034580421502      -0.37803079295416381     
   11.620000000000001      -0.41297567416534842      -0.39036324213736356     
   11.630000000000001      -0.34028683291593903      -0.39429797331966920     
   11.640000000000001      -0.25808949656115743      -0.38721499830029404     
   11.650000000000000      -0.16578088591361156      -0.36496194813158495     
   11.660000000000000       -6.3310974019524485E-002 -0.32033907964484565     
   11.670000000000000        4.6337669022500041E-002 -0.23939346988676080     
   11.680000000000000       0.14336815692039298       -9.3258911110623538E-002
   11.690000000000000       0.12726629147693902       0.12646660615049088     
   11.700000000000001        2.4172026348122974E-002  0.25974634565364890     
   11.710000000000001       -8.4297593628755607E-002  0.33526391171435199     
   11.720000000000001      -0.18471195321324746       0.37874452401665004     
   11.730000000000000      -0.27538056175205933       0.40224186086346392     
   11.740000000000000      -0.35666419834787516       0.41203079158863948     
   11.750000000000000      -0.42924759461062867       0.41176890440708852     
   11.760000000000000      -0.49377873180127152       0.40378264104322553     
   11.770000000000000      -0.55079834505644443       0.38965390377843284     
   11.779999999999999      -0.60073791149070543       0.37051649517781815     
   11.790000000000001      -0.64393250256263268       0.34721899515711785     
   11.800000000000001      -0.68063456857417770       0.32042061885120615     
   11.810000000000000      -0.71102522370533716       0.29065103556655725     
   11.820000000000000      -0.73522249208019796       0.25834973580495757     
   11.830000000000000      -0.75328670148152466       0.22389334124884780     
   11.840000000000000      -0.76522329238904263       0.18761568398389317     
   11.850000000000000      -0.77098319499329360       0.14982364050997354     
   11.859999999999999      -0.77046074365992478       0.11081075961181597     
   11.870000000000001      -0.76348886898807267        7.0870296737449406E-002
   11.880000000000001      -0.74983101060184743        3.0309212307136128E-002
   11.890000000000001      -0.72916877660735169       -1.0534998726889632E-002
   11.900000000000000      -0.70108374465840395       -5.1271965499355060E-002
   11.910000000000000      -0.66503079051500180       -9.1426218673098178E-002
   11.920000000000000      -0.62029865043911048      -0.13038728626463128     
   11.930000000000000      -0.56595055868628696      -0.16732707290847981     
   11.940000000000000      -0.50073293006150132      -0.20105320818165379     
   11.950000000000001      -0.42293249293118806      -0.22972712126991771     
   11.960000000000001      -0.33015617644178513      -0.25026648401941393     
   11.970000000000001      -0.21904975231688231      -0.25691117534681474     
   11.980000000000000       -8.5472224786446074E-002 -0.23720076913955165     
   11.990000000000000        6.9158082153713732E-002 -0.15906512033460626     
   12.000000000000000       0.17146602761390101        3.9413118458654486E-002
   12.010000000000000       0.14947635305969784       0.20932035173012623     
   12.020000000000000        9.2808457518292864E-002  0.33066567359667437     
   12.030000000000001        2.7096100484414600E-002  0.41978663755771173     
   12.040000000000001       -4.0053307613402263E-002  0.48664407195749337     
   12.050000000000001      -0.10584450942646727       0.53699942260055822     
   12.060000000000000      -0.16908725335761468       0.57442523709170445     
   12.070000000000000      -0.22922087932442350       0.60128871889160984     
   12.080000000000000      -0.28595847723206125       0.61924379161884602     
   12.090000000000000      -0.33913850092097003       0.62949492855269285     
   12.100000000000000      -0.38865625620320293       0.63294831358653214     
   12.109999999999999      -0.43442947744042509       0.63030351681799812     
   12.120000000000001      -0.47637956203085746       0.62211182095793582     
   12.130000000000001      -0.51442031871598981       0.60881487017988356     
   12.140000000000001      -0.54845032007454653       0.59077120276830641     
   12.150000000000000      -0.57834681058463733       0.56827506430106078     
   12.160000000000000      -0.60395996506882654       0.54157018289446757     
   12.170000000000000      -0.62510665588792924       0.51086022882760829     
   12.180000000000000      -0.64156299090033775       0.47631714289737581     
   12.190000000000000      -0.65305480917444581       0.43808823895364635     
   12.200000000000001      -0.65924507383703090       0.39630289801142593     
   12.210000000000001      -0.65971662609481507       0.35107977286897535     
   12.220000000000001      -0.65394792546597025       0.30253578770962442     
   12.230000000000000      -0.64127791935059297       0.25079905308156752     
   12.240000000000000      -0.62085348971412124       0.19602962074538843     
   12.250000000000000      -0.59154780737824586       0.13845600251470835     
   12.260000000000000      -0.55182769500275763        7.8444812318129858E-002
   12.270000000000000      -0.49952645062544571        1.6645157085145853E-002
   12.280000000000001      -0.43143019890562012       -4.5680817380879743E-002
   12.290000000000001      -0.34247578989230215      -0.10579828239012036     
   12.300000000000001      -0.22416372349530322      -0.15684652318597114     
   12.310000000000000       -6.2636553143298801E-002 -0.17765731655378195     
   12.320000000000000       0.13588296792834359       -9.3545960919682786E-002
   12.330000000000000       0.21491798422388081        7.2822155695582230E-002
   12.340000000000000       0.22134028915091794       0.21458640217940700     
   12.350000000000000       0.19793841713740179       0.32743651444850819     
   12.359999999999999       0.16058559994416582       0.41720849499879958     
   12.370000000000001       0.11613687526679005       0.48854499389234207     
   12.380000000000001        6.8067344347218436E-002  0.54465009656125452     
   12.390000000000001        1.8372826723184386E-002  0.58775264750754508     
   12.400000000000000       -3.1678401230586690E-002  0.61944392005584903     
   12.410000000000000       -8.1205527551816120E-002  0.64088683545360958     
   12.420000000000000      -0.12954353439289065       0.65294503230340639     
   12.430000000000000      -0.17614775600318930       0.65626434103484521     
   12.440000000000000      -0.22053540666846727       0.65132548909709764     
   12.450000000000001      -0.26224550387841883       0.63847879668956198     
   12.460000000000001      -0.30080733059948989       0.61796713415416626     
   12.470000000000001      -0.33571129919396087       0.58994090706632873     
   12.480000000000000      -0.36637734895526364       0.55446744276450555     
   12.490000000000000      -0.39211567156563637       0.51153646429099975     
   12.500000000000000      -0.41207255230528517       0.46106327685337450     
   12.510000000000000      -0.42514948224585769       0.40289219096979295     
   12.520000000000000      -0.42987385798260225       0.33680582115925561     
   12.530000000000001      -0.42417807233199306       0.26255526330260154     
   12.540000000000001      -0.40499361213288071       0.17995556453393566     
   12.550000000000001      -0.36744025922148804        8.9193800095905287E-002
   12.560000000000000      -0.30305269914004385       -8.0817984960873668E-003
   12.570000000000000      -0.19572531149896544      -0.10421227930896618     
   12.580000000000000       -1.7525871553414132E-002 -0.16260753797101740     
   12.590000000000000       0.17648945115743564       -7.4260778727406551E-002
   12.600000000000000       0.27125417825631454        5.5847266932859074E-002
   12.609999999999999       0.31560361556246669       0.17557554198589972     
   12.620000000000001       0.33350319072324858       0.28058931868520859     
   12.630000000000001       0.33549956614108317       0.37222310951058529     
   12.640000000000001       0.32697012778683432       0.45217893849106744     
   12.650000000000000       0.31101149601096084       0.52186066439683332     
   12.660000000000000       0.28957666954196998       0.58235362835144633     
   12.670000000000000       0.26398630232327192       0.63448958537873312     
   12.680000000000000       0.23518477926699172       0.67890754750233373     
   12.690000000000000       0.20387998763313292       0.71609932799955356     
   12.700000000000001       0.17062517053932719       0.74644192267102794     
   12.710000000000001       0.13586985420544440       0.77022021305967447     
   12.720000000000001        9.9993357864340174E-002  0.78764274845697035     
   12.730000000000000        6.3328133107879159E-002  0.79885250902475646     
   12.740000000000000        2.6177088188199971E-002  0.80393389287787564     
   12.750000000000000       -1.1172534095976719E-002  0.80291669645613184     
   12.760000000000000       -4.8436969279989146E-002  0.79577750976279904     
   12.770000000000000       -8.5324047228827915E-002  0.78243867009032075     
   12.780000000000001      -0.12152028236405360       0.76276466290199285     
   12.790000000000001      -0.15667537870840431       0.73655558302121649     
   12.800000000000001      -0.19038198514135724       0.70353692437965987     
   12.810000000000000      -0.22214731759806677       0.66334448865194418     
   12.820000000000000      -0.25135089449879283       0.61550250555310171     
   12.830000000000000      -0.27717789642309870       0.55939204040919333     
   12.840000000000000      -0.29850767878680334       0.49420542287854213     
   12.850000000000000      -0.31371434220917910       0.41888144942447325     
   12.859999999999999      -0.32028013427569241       0.33201990745394599     
   12.870000000000001      -0.31396694426665772       0.23180730814577039     
   12.880000000000001      -0.28680156822369907       0.11619917372873503     
   12.890000000000001      -0.22142568300214993       -1.4890150773158329E-002
   12.900000000000000       -7.6072911258541473E-002 -0.14060129202848731     
   12.910000000000000       0.14279135771916895      -0.13044525902863358     
   12.920000000000000       0.28373341077782516       -4.9104360207718994E-002
   12.930000000000000       0.37776026165503568        4.0355924274617025E-002
   12.940000000000000       0.44458925471538657       0.12691067632831635     
   12.950000000000001       0.49365955554938062       0.20839610289281518     
   12.960000000000001       0.53006289651338045       0.28453423081246398     
   12.970000000000001       0.55685549937515522       0.35551337855929921     
   12.980000000000000       0.57602452164003781       0.42162540207415422     
   12.990000000000000       0.58894193096926417       0.48316151133781843     
   13.000000000000000       0.59659970051670763       0.54038266971680637     
   13.010000000000000       0.59974165733949281       0.59351353617312230     
   13.020000000000000       0.59894220792784214       0.64274392661102708     
   13.030000000000001       0.59465582226766056       0.68823237489398337     
   13.040000000000001       0.58724949017707972       0.73010991404105097     
   13.050000000000001       0.57702478714359429       0.76848345599224299     
   13.060000000000000       0.56423334560513871       0.80343860739787087     
   13.070000000000000       0.54908799948089837       0.83504192248067011     
   13.080000000000000       0.53177100908617969       0.86334264488564949     
   13.090000000000000       0.51244026930280262       0.88837399815685669     
   13.100000000000000       0.49123409831392578       0.91015407626859068     
   13.109999999999999       0.46827501378154879       0.92868637208581561     
   13.120000000000001       0.44367278205739358       0.94395996658559767     
   13.130000000000001       0.41752694776673638       0.95594938615731717     
   13.140000000000001       0.38992900074428605       0.96461411906626260     
   13.150000000000000       0.36096430600628976       0.96989776428719121     
   13.160000000000000       0.33071390526192512       0.97172676493424470     
   13.170000000000000       0.29925629307310991       0.97000865234280753     
   13.180000000000000       0.26666927695328424       0.96462969247621388     
   13.190000000000000       0.23303205041630093       0.95545177922694180     
   13.200000000000001       0.19842764607032509       0.94230835240655419     
   13.210000000000001       0.16294600160018105       0.92499902072139339     
   13.220000000000001       0.12668798197304995       0.90328242372825929     
   13.230000000000000        8.9770887931072588E-002  0.87686664118028501     
   13.240000000000000        5.2336303408360957E-002  0.84539610034549684     
   13.250000000000000        1.4561710081638441E-002  0.80843334668185962     
   13.260000000000000       -2.3321632962920915E-002  0.76543305361875291     
   13.270000000000000       -6.0999957729326995E-002  0.71570391069577466     
   13.280000000000001       -9.8028491104251575E-002  0.65835085691562256     
   13.290000000000001      -0.13374466032965027       0.59218407915896987     
   13.300000000000001      -0.16710112902303947       0.51556920513294269     
   13.310000000000000      -0.19631372009610615       0.42616892562600278     
   13.320000000000000      -0.21802381753905029       0.32048180866165038     
   13.330000000000000      -0.22495398366400798       0.19306908770527140     
   13.340000000000000      -0.19779480967363683        3.6398837322911895E-002
   13.350000000000000       -7.4643756951930124E-002 -0.13793614745782584     
   13.359999999999999       0.12489116339771839      -0.17111938882736338     
   13.370000000000001       0.27256790193901853      -0.13324924150771375     
   13.380000000000001       0.38171379717781884       -7.6542666244104121E-002
   13.390000000000001       0.46532076606294043       -1.4714930753708808E-002
   13.400000000000000       0.53072218785785141        4.7688522358387483E-002
   13.410000000000000       0.58227562501342078       0.10884765228181631     
   13.420000000000000       0.62276978304075026       0.16793941665304557     
   13.430000000000000       0.65410225350793827       0.22456059156038791     
   13.440000000000000       0.67762769409831081       0.27850152612600204     
   13.450000000000001       0.69435011014335146       0.32964645230139139     
   13.460000000000001       0.70503596231659982       0.37792548728535247     
   13.470000000000001       0.71028431288274818       0.42328981925512127     
   13.480000000000000       0.71057228879548806       0.46569804470191584     
   13.490000000000000       0.70628565722269865       0.50510814343467692     
   13.500000000000000       0.69774004313376037       0.54147238284741162     
   13.510000000000000       0.68519605430783403       0.57473373384538640     
   13.520000000000000       0.66887031987467405       0.60482300473631156     
   13.530000000000001       0.64894371984700416       0.63165620896706387     
   13.540000000000001       0.62556764771077300       0.65513183316676948     
   13.550000000000001       0.59886888227282420       0.67512773433129081     
   13.560000000000000       0.56895348226746001       0.69149740065216980     
   13.570000000000000       0.53591002216247774       0.70406527034927335     
   13.580000000000000       0.49981244294068689       0.71262071424217577     
   13.590000000000000       0.46072279334826682       0.71691013524049874     
   13.600000000000000       0.41869419459528007       0.71662638887964969     
   13.609999999999999       0.37377450380287069       0.71139432253998458     
   13.620000000000001       0.32601144429073586       0.70075055384095442     
   13.630000000000001       0.27546055754358711       0.68411444495521989     
   13.640000000000001       0.22219853519868163       0.66074515059568406     
   13.650000000000000       0.16634707766521387       0.62967573012103017     
   13.660000000000000       0.10811836424892657       0.58960765241290491     
   13.670000000000000        4.7908010408639033E-002  0.53873298910354683     
   13.680000000000000       -1.3497750429346528E-002  0.47441578915841515     
   13.690000000000000       -7.4405066990927790E-002  0.39257938584827562     
   13.700000000000001      -0.13070780660527909       0.28644810500976731     
   13.710000000000001      -0.17047923537344833       0.14408821022537244     
   13.720000000000001      -0.14973528906069550       -4.9418981573971454E-002
   13.730000000000000        2.1793060984585472E-002 -0.19316093956340463     
   13.740000000000000       0.18160808837585490      -0.23308286002536432     
   13.750000000000000       0.31363202921841477      -0.23733662278622197     
   13.760000000000000       0.42530565626954203      -0.22619057207798096     
   13.770000000000000       0.52195835601224450      -0.20705593224342675     
   13.780000000000001       0.60697291974595591      -0.18330455417073444     
   13.790000000000001       0.68258672413423305      -0.15671416640811653     
   13.800000000000001       0.75035575605063820      -0.12832270790221678     
   13.810000000000000       0.81140978425122767       -9.8782877502800487E-002
   13.820000000000000       0.86659844843711220       -6.8528984312646965E-002
   13.830000000000000       0.91657920930426995       -3.7863259869536030E-002
   13.840000000000000       0.96187281834666483       -7.0039123922263635E-003
